rowid,pl_hostname,pl_letter,pl_pnum
1,11 Com,b,1
2,11 UMi,b,1
3,14 And,b,1
4,14 Her,b,1
5,16 Cyg B,b,1
6,18 Del,b,1
7,1RXS J160929.1-210524,b,1
8,24 Sex,b,2
9,24 Sex,c,2
10,2MASS J01225093-2439505,b,1
11,2MASS J02192210-3925225,b,1
12,2MASS J04414489+2301513,b,1
13,2MASS J12073346-3932539,b,1
14,2MASS J19383260+4603591,b,1
15,2MASS J21402931+1625183 A,b,1
16,2MASS J22362452+4751425,b,1
17,30 Ari B,b,1
18,4 UMa,b,1
19,42 Dra,b,1
20,47 UMa,b,3
21,47 UMa,c,3
22,47 UMa,d,3
23,51 Eri,b,1
24,51 Peg,b,1
25,55 Cnc,b,5
26,55 Cnc,c,5
27,55 Cnc,d,5
28,55 Cnc,e,5
29,55 Cnc,f,5
30,6 Lyn,b,1
31,61 Vir,b,3
32,61 Vir,c,3
33,61 Vir,d,3
34,7 CMa,b,1
35,70 Vir,b,1
36,75 Cet,b,1
37,8 UMi,b,1
38,81 Cet,b,1
39,91 Aqr,b,1
40,AB Pic,b,1
41,BD+14 4559,b,1
42,BD+15 2375,b,1
43,BD+15 2940,b,1
44,BD+20 1790,b,1
45,BD+20 2457,b,2
46,BD+20 2457,c,2
47,BD+20 274,b,1
48,BD+20 594,b,1
49,BD+48 738,b,1
50,BD+49 828,b,1
51,BD-06 1339,b,2
52,BD-06 1339,c,2
53,BD-08 2823,b,2
54,BD-08 2823,c,2
55,BD-10 3166,b,1
56,BD-11 4672,b,1
57,BD-13 2130,b,1
58,BD-17 63,b,1
59,CFBDSIR J145829+101343,b,1
60,CHXR 73,b,1
61,CT Cha,b,1
62,CoRoT-1,b,1
63,CoRoT-10,b,1
64,CoRoT-11,b,1
65,CoRoT-12,b,1
66,CoRoT-13,b,1
67,CoRoT-14,b,1
68,CoRoT-16,b,1
69,CoRoT-17,b,1
70,CoRoT-18,b,1
71,CoRoT-19,b,1
72,CoRoT-2,b,1
73,CoRoT-20,b,1
74,CoRoT-22,b,1
75,CoRoT-23,b,1
76,CoRoT-24,b,2
77,CoRoT-24,c,2
78,CoRoT-25,b,1
79,CoRoT-26,b,1
80,CoRoT-27,b,1
81,CoRoT-28,b,1
82,CoRoT-29,b,1
83,CoRoT-3,b,1
84,CoRoT-4,b,1
85,CoRoT-5,b,1
86,CoRoT-6,b,1
87,CoRoT-7,b,2
88,CoRoT-7,c,2
89,CoRoT-8,b,1
90,CoRoT-9,b,1
91,DENIS-P J082303.1-491201,b,1
92,DH Tau,b,1
93,DP Leo,b,1
94,EPIC 211351816,b,1
95,EPIC 211391664,b,1
96,EPIC 211822797,b,1
97,EPIC 211913977,b,1
98,EPIC 211969807,b,1
99,EPIC 211970147,b,1
100,EPIC 211990866,b,1
101,FU Tau,b,1
102,Fomalhaut,b,1
103,GJ 1132,b,1
104,GJ 1214,b,1
105,GJ 15 A,b,1
106,GJ 163,b,3
107,GJ 163,c,3
108,GJ 163,d,3
109,GJ 179,b,1
110,GJ 3021,b,1
111,GJ 317,b,1
112,GJ 328,b,1
113,GJ 3293,b,2
114,GJ 3293,c,2
115,GJ 3341,b,1
116,GJ 3470,b,1
117,GJ 3634,b,1
118,GJ 3998,b,2
119,GJ 3998,c,2
120,GJ 433,b,1
121,GJ 436,b,1
122,GJ 504,b,1
123,GJ 536,b,1
124,GJ 581,b,3
125,GJ 581,c,3
126,GJ 581,e,3
127,GJ 649,b,1
128,GJ 667 C,b,5
129,GJ 667 C,c,5
130,GJ 667 C,e,5
131,GJ 667 C,f,5
132,GJ 667 C,g,5
133,GJ 674,b,1
134,GJ 676 A,b,4
135,GJ 676 A,c,4
136,GJ 676 A,d,4
137,GJ 676 A,e,4
138,GJ 687,b,1
139,GJ 832,b,2
140,GJ 832,c,2
141,GJ 849,b,1
142,GJ 86,b,1
143,GJ 876,b,4
144,GJ 876,c,4
145,GJ 876,d,4
146,GJ 876,e,4
147,GQ Lup,b,1
148,GSC 06214-00210,b,1
149,GU Psc,b,1
150,HAT-P-1,b,1
151,HAT-P-11,b,1
152,HAT-P-12,b,1
153,HAT-P-13,b,2
154,HAT-P-13,c,2
155,HAT-P-14,b,1
156,HAT-P-15,b,1
157,HAT-P-16,b,1
158,HAT-P-17,b,2
159,HAT-P-17,c,2
160,HAT-P-18,b,1
161,HAT-P-19,b,1
162,HAT-P-2,b,1
163,HAT-P-20,b,1
164,HAT-P-21,b,1
165,HAT-P-22,b,1
166,HAT-P-23,b,1
167,HAT-P-24,b,1
168,HAT-P-25,b,1
169,HAT-P-26,b,1
170,HAT-P-27,b,1
171,HAT-P-28,b,1
172,HAT-P-29,b,1
173,HAT-P-3,b,1
174,HAT-P-30,b,1
175,HAT-P-31,b,1
176,HAT-P-32,b,1
177,HAT-P-33,b,1
178,HAT-P-34,b,1
179,HAT-P-35,b,1
180,HAT-P-36,b,1
181,HAT-P-37,b,1
182,HAT-P-38,b,1
183,HAT-P-39,b,1
184,HAT-P-4,b,1
185,HAT-P-40,b,1
186,HAT-P-41,b,1
187,HAT-P-42,b,1
188,HAT-P-43,b,1
189,HAT-P-44,b,2
190,HAT-P-44,c,2
191,HAT-P-45,b,1
192,HAT-P-46,b,1
193,HAT-P-49,b,1
194,HAT-P-5,b,1
195,HAT-P-50,b,1
196,HAT-P-51,b,1
197,HAT-P-52,b,1
198,HAT-P-53,b,1
199,HAT-P-54,b,1
200,HAT-P-55,b,1
201,HAT-P-56,b,1
202,HAT-P-57,b,1
203,HAT-P-6,b,1
204,HAT-P-65,b,1
205,HAT-P-66,b,1
206,HAT-P-7,b,1
207,HAT-P-8,b,1
208,HAT-P-9,b,1
209,HATS-1,b,1
210,HATS-10,b,1
211,HATS-11,b,1
212,HATS-12,b,1
213,HATS-13,b,1
214,HATS-14,b,1
215,HATS-15,b,1
216,HATS-16,b,1
217,HATS-17,b,1
218,HATS-18,b,1
219,HATS-2,b,1
220,HATS-25,b,1
221,HATS-26,b,1
222,HATS-27,b,1
223,HATS-28,b,1
224,HATS-29,b,1
225,HATS-3,b,1
226,HATS-30,b,1
227,HATS-31,b,1
228,HATS-32,b,1
229,HATS-33,b,1
230,HATS-34,b,1
231,HATS-35,b,1
232,HATS-4,b,1
233,HATS-5,b,1
234,HATS-6,b,1
235,HATS-8,b,1
236,HATS-9,b,1
237,HD 100546,b,1
238,HD 100655,b,1
239,HD 100777,b,1
240,HD 10180,c,6
241,HD 10180,d,6
242,HD 10180,e,6
243,HD 10180,f,6
244,HD 10180,g,6
245,HD 10180,h,6
246,HD 101930,b,1
247,HD 102117,b,1
248,HD 102195,b,1
249,HD 102272,b,1
250,HD 102329,b,1
251,HD 102365,b,1
252,HD 102956,b,1
253,HD 103197,b,1
254,HD 103720,b,1
255,HD 103774,b,1
256,HD 104067,b,1
257,HD 10442,b,1
258,HD 104985,b,1
259,HD 106252,b,1
260,HD 106270,b,1
261,HD 10647,b,1
262,HD 106515 A,b,1
263,HD 106906,b,1
264,HD 10697,b,1
265,HD 107148,b,1
266,HD 108147,b,1
267,HD 108341,b,1
268,HD 108863,b,1
269,HD 108874,b,2
270,HD 108874,c,2
271,HD 109246,b,1
272,HD 109271,b,2
273,HD 109271,c,2
274,HD 109749,b,1
275,HD 110014,b,1
276,HD 111232,b,1
277,HD 111998,b,1
278,HD 113337,b,1
279,HD 113538,b,2
280,HD 113538,c,2
281,HD 114386,b,1
282,HD 114613,b,1
283,HD 114729,b,1
284,HD 114762,b,1
285,HD 114783,b,1
286,HD 11506,b,2
287,HD 11506,c,2
288,HD 116029,b,1
289,HD 117207,b,1
290,HD 11755,b,1
291,HD 117618,b,1
292,HD 118203,b,1
293,HD 11964,b,2
294,HD 11964,c,2
295,HD 11977,b,1
296,HD 120084,b,1
297,HD 121504,b,1
298,HD 12484,b,1
299,HD 125595,b,1
300,HD 125612,b,3
301,HD 125612,c,3
302,HD 125612,d,3
303,HD 12648,b,1
304,HD 12661,b,2
305,HD 12661,c,2
306,HD 126614,b,1
307,HD 128311,b,2
308,HD 128311,c,2
309,HD 128356,b,1
310,HD 129445,b,1
311,HD 130322,b,1
312,HD 131399 A,b,1
313,HD 131496,b,1
314,HD 131664,b,1
315,HD 13189,b,1
316,HD 132406,b,1
317,HD 132563,b,1
318,HD 133131 A,b,2
319,HD 133131 A,c,2
320,HD 133131 B,1,2
321,HD 134987,b,2
322,HD 134987,c,2
323,HD 136418,b,1
324,HD 137388 A,b,1
325,HD 13908,b,2
326,HD 13908,c,2
327,HD 13931,b,1
328,HD 139357,b,1
329,HD 14067,b,1
330,HD 141399,b,4
331,HD 141399,c,4
332,HD 141399,d,4
333,HD 141399,e,4
334,HD 141937,b,1
335,HD 142,b,2
336,HD 142,c,2
337,HD 142022 A,b,1
338,HD 142245,b,1
339,HD 142415,b,1
340,HD 143105,b,1
341,HD 143361,b,1
342,HD 145377,b,1
343,HD 145457,b,1
344,HD 145934,b,1
345,HD 1461,b,2
346,HD 1461,c,2
347,HD 147018,b,2
348,HD 147018,c,2
349,HD 147513,b,1
350,HD 147873,b,1
351,HD 147873,c,1
352,HD 148156,b,1
353,HD 148427,b,1
354,HD 149026,b,1
355,HD 149143,b,1
356,HD 1502,b,1
357,HD 150706,b,1
358,HD 152079,b,1
359,HD 152581,b,1
360,HD 153950,b,1
361,HD 154345,b,1
362,HD 154672,b,1
363,HD 154857,b,2
364,HD 154857,c,2
365,HD 155233,b,1
366,HD 155358,b,2
367,HD 155358,c,2
368,HD 156279,b,1
369,HD 156411,b,1
370,HD 156668,b,1
371,HD 156846,b,1
372,HD 158038,b,1
373,HD 159243,b,2
374,HD 159243,c,2
375,HD 159868,b,2
376,HD 159868,c,2
377,HD 1605,b,2
378,HD 1605,c,2
379,HD 160691,b,4
380,HD 160691,c,4
381,HD 160691,d,4
382,HD 160691,e,4
383,HD 16141,b,1
384,HD 16175,b,1
385,HD 162020,b,1
386,HD 163607,b,2
387,HD 163607,c,2
388,HD 16417,b,1
389,HD 164509,b,1
390,HD 164595,b,1
391,HD 164604,b,1
392,HD 164922,b,2
393,HD 164922,c,2
394,HD 165155,b,1
395,HD 1666,b,1
396,HD 166724,b,1
397,HD 167042,b,1
398,HD 168443,b,2
399,HD 168443,c,2
400,HD 168746,b,1
401,HD 1690,b,1
402,HD 169830,b,2
403,HD 169830,c,2
404,HD 170469,b,1
405,HD 17092,b,1
406,HD 171028,b,1
407,HD 171238,b,1
408,HD 17156,b,1
409,HD 173416,b,1
410,HD 175167,b,1
411,HD 175541,b,1
412,HD 175607,b,1
413,HD 177830,b,2
414,HD 177830,c,2
415,HD 178911 B,b,1
416,HD 179079,b,1
417,HD 179949,b,1
418,HD 180314,b,1
419,HD 180902,b,1
420,HD 181342,b,1
421,HD 181433,b,3
422,HD 181433,c,3
423,HD 181433,d,3
424,HD 181720,b,1
425,HD 183263,b,2
426,HD 183263,c,2
427,HD 185269,b,1
428,HD 187085,b,1
429,HD 187123,b,2
430,HD 187123,c,2
431,HD 18742,b,1
432,HD 188015,b,1
433,HD 189733,b,1
434,HD 190360,b,2
435,HD 190360,c,2
436,HD 190647,b,1
437,HD 190984,b,1
438,HD 191806,b,1
439,HD 192263,b,1
440,HD 192310,b,2
441,HD 192310,c,2
442,HD 192699,b,1
443,HD 195019,b,1
444,HD 196050,b,1
445,HD 196067,b,1
446,HD 196885,b,1
447,HD 197037,b,1
448,HD 19994,b,1
449,HD 200964,b,2
450,HD 200964,c,2
451,HD 202206,b,2
452,HD 202206,c,2
453,HD 203030,b,1
454,HD 2039,b,1
455,HD 204313,b,2
456,HD 204313,c,2
457,HD 204941,b,1
458,HD 205739,b,1
459,HD 206610,b,1
460,HD 20782,b,1
461,HD 207832,b,2
462,HD 207832,c,2
463,HD 20794,b,3
464,HD 20794,c,3
465,HD 20794,d,3
466,HD 208487,b,1
467,HD 208527,b,1
468,HD 20868,b,1
469,HD 209458,b,1
470,HD 210277,b,1
471,HD 210702,b,1
472,HD 212301,b,1
473,HD 212771,b,1
474,HD 213240,b,1
475,HD 214823,b,1
476,HD 215497,b,2
477,HD 215497,c,2
478,HD 216435,b,1
479,HD 216437,b,1
480,HD 216536,b,1
481,HD 216770,b,1
482,HD 217107,b,2
483,HD 217107,c,2
484,HD 217786,b,1
485,HD 218566,b,1
486,HD 219077,b,1
487,HD 219134,b,6
488,HD 219134,c,6
489,HD 219134,d,6
490,HD 219134,f,6
491,HD 219134,g,6
492,HD 219134,h,6
493,HD 219415,b,1
494,HD 219828,b,2
495,HD 219828,c,2
496,HD 220074,b,1
497,HD 220689,b,1
498,HD 220773,b,1
499,HD 220842,b,1
500,HD 221287,b,1
501,HD 221585,b,1
502,HD 222076,b,1
503,HD 222155,b,1
504,HD 222582,b,1
505,HD 224538,b,1
506,HD 224693,b,1
507,HD 22781,b,1
508,HD 23079,b,1
509,HD 23127,b,1
510,HD 231701,b,1
511,HD 233604,b,1
512,HD 23596,b,1
513,HD 240210,b,1
514,HD 240237,b,1
515,HD 24040,b,1
516,HD 24064,b,1
517,HD 25171,b,1
518,HD 2638,b,1
519,HD 27442,b,1
520,HD 27631,b,1
521,HD 27894,b,1
522,HD 28185,b,1
523,HD 28254,b,1
524,HD 285507,b,1
525,HD 285968,b,1
526,HD 28678,b,1
527,HD 290327,b,1
528,HD 2952,b,1
529,HD 30177,b,2
530,HD 30177,c,2
531,HD 30562,b,1
532,HD 30669,b,1
533,HD 30856,b,1
534,HD 31253,b,1
535,HD 3167,b,2
536,HD 3167,c,2
537,HD 32518,b,1
538,HD 32963,b,1
539,HD 330075,b,1
540,HD 33142,b,1
541,HD 33283,b,1
542,HD 33564,b,1
543,HD 33844,b,2
544,HD 33844,c,2
545,HD 34445,b,1
546,HD 35759,b,1
547,HD 3651,b,1
548,HD 37124,b,3
549,HD 37124,c,3
550,HD 37124,d,3
551,HD 37605,b,2
552,HD 37605,c,2
553,HD 38283,b,1
554,HD 38529,b,2
555,HD 38529,c,2
556,HD 38801,b,1
557,HD 39091,b,1
558,HD 40307,b,5
559,HD 40307,c,5
560,HD 40307,d,5
561,HD 40307,f,5
562,HD 40307,g,5
563,HD 40979,b,1
564,HD 41004 A,b,1
565,HD 41004 B,b,1
566,HD 4113,b,1
567,HD 4203,b,2
568,HD 4203,c,2
569,HD 4208,b,1
570,HD 42618,b,1
571,HD 4308,b,1
572,HD 4313,b,1
573,HD 43197,b,1
574,HD 43691,b,1
575,HD 44219,b,1
576,HD 45350,b,1
577,HD 45364,b,2
578,HD 45364,c,2
579,HD 45652,b,1
580,HD 46375,b,1
581,HD 47186,b,2
582,HD 47186,c,2
583,HD 4732,b,2
584,HD 4732,c,2
585,HD 47536,b,1
586,HD 48265,b,1
587,HD 49674,b,1
588,HD 50499,b,1
589,HD 50554,b,1
590,HD 52265,b,1
591,HD 5319,b,2
592,HD 5319,c,2
593,HD 5583,b,1
594,HD 5608,b,1
595,HD 564,b,1
596,HD 5891,b,1
597,HD 59686 A,b,1
598,HD 60532,b,2
599,HD 60532,c,2
600,HD 62509,b,1
601,HD 63454,b,1
602,HD 63765,b,1
603,HD 6434,b,1
604,HD 65216,b,2
605,HD 65216,c,2
606,HD 66141,b,1
607,HD 66428,b,1
608,HD 67087,b,2
609,HD 67087,c,2
610,HD 6718,b,1
611,HD 68402,b,1
612,HD 68988,b,1
613,HD 69830,b,3
614,HD 69830,c,3
615,HD 69830,d,3
616,HD 70573,b,1
617,HD 70642,b,1
618,HD 7199,b,1
619,HD 72659,b,1
620,HD 72892,b,1
621,HD 73256,b,1
622,HD 73267,b,1
623,HD 73526,b,2
624,HD 73526,c,2
625,HD 73534,b,1
626,HD 74156,b,2
627,HD 74156,c,2
628,HD 7449,b,1
629,HD 75289,b,1
630,HD 75784,b,1
631,HD 75898,b,1
632,HD 76700,b,1
633,HD 77338,b,1
634,HD 7924,b,3
635,HD 7924,c,3
636,HD 7924,d,3
637,HD 79498,b,1
638,HD 80606,b,1
639,HD 81040,b,1
640,HD 81688,b,1
641,HD 82886,b,1
642,HD 82943,b,2
643,HD 82943,c,2
644,HD 83443,b,1
645,HD 8535,b,1
646,HD 85390,b,1
647,HD 85512,b,1
648,HD 8574,b,1
649,HD 86081,b,1
650,HD 86226,b,1
651,HD 86264,b,1
652,HD 8673,b,1
653,HD 86950,b,1
654,HD 87646,b,1
655,HD 87883,b,1
656,HD 88133,b,1
657,HD 89307,b,1
658,HD 89744,b,1
659,HD 90156,b,1
660,HD 9174,b,1
661,HD 92788,b,1
662,HD 93083,b,1
663,HD 9446,b,2
664,HD 9446,c,2
665,HD 95086,b,1
666,HD 95089,b,1
667,HD 95127,b,1
668,HD 95872,b,1
669,HD 96063,b,1
670,HD 96127,b,1
671,HD 96167,b,1
672,HD 97658,b,1
673,HD 98219,b,1
674,HD 98649,b,1
675,HD 99109,b,1
676,HD 99492,b,1
677,HD 99706,b,1
678,HIP 105854,b,1
679,HIP 107773,b,1
680,HIP 109384,b,1
681,HIP 109600,b,1
682,HIP 116454,b,1
683,HIP 12961,b,1
684,HIP 14810,b,3
685,HIP 14810,c,3
686,HIP 14810,d,3
687,HIP 41378,b,5
688,HIP 41378,c,5
689,HIP 41378,d,5
690,HIP 41378,e,5
691,HIP 41378,f,5
692,HIP 5158,b,2
693,HIP 5158,c,2
694,HIP 57050,b,1
695,HIP 57274,b,3
696,HIP 57274,c,3
697,HIP 57274,d,3
698,HIP 63242,b,1
699,HIP 65407,b,2
700,HIP 65407,c,2
701,HIP 65891,b,1
702,HIP 67851,b,2
703,HIP 67851,c,2
704,HIP 70849,b,1
705,HIP 74890,b,1
706,HIP 75458,b,1
707,HIP 78530,b,1
708,HIP 79431,b,1
709,HIP 8541,b,1
710,HIP 91258,b,1
711,HIP 97233,b,1
712,HN Peg,b,1
713,HR 2562,b,1
714,HR 810,b,1
715,HR 8799,b,4
716,HR 8799,c,4
717,HR 8799,d,4
718,HR 8799,e,4
719,K2-10,b,1
720,K2-11,b,1
721,K2-12,b,1
722,K2-13,b,1
723,K2-14,b,1
724,K2-15,b,1
725,K2-16,b,2
726,K2-16,c,2
727,K2-17,b,1
728,K2-18,b,1
729,K2-19,b,3
730,K2-19,c,3
731,K2-19,d,3
732,K2-21,b,2
733,K2-21,c,2
734,K2-22,b,1
735,K2-24,b,2
736,K2-24,c,2
737,K2-25,b,1
738,K2-26,b,1
739,K2-27,b,1
740,K2-28,b,1
741,K2-29,b,1
742,K2-3,b,3
743,K2-3,c,3
744,K2-3,d,3
745,K2-30,b,1
746,K2-31,b,1
747,K2-32,b,3
748,K2-32,c,3
749,K2-32,d,3
750,K2-33,b,1
751,K2-34,b,1
752,K2-35,b,2
753,K2-35,c,2
754,K2-36,b,2
755,K2-36,c,2
756,K2-37,b,3
757,K2-37,c,3
758,K2-37,d,3
759,K2-38,b,2
760,K2-38,c,2
761,K2-39,b,1
762,K2-4,b,1
763,K2-42,b,1
764,K2-43,b,1
765,K2-44,b,1
766,K2-45,b,1
767,K2-46,b,1
768,K2-47,b,1
769,K2-48,b,1
770,K2-49,b,1
771,K2-5,b,2
772,K2-5,c,2
773,K2-50,b,1
774,K2-51,b,1
775,K2-52,b,1
776,K2-53,b,1
777,K2-54,b,1
778,K2-55,b,1
779,K2-57,b,1
780,K2-58,b,3
781,K2-58,c,3
782,K2-58,d,3
783,K2-59,b,2
784,K2-59,c,2
785,K2-6,b,1
786,K2-60,b,1
787,K2-61,b,1
788,K2-62,b,2
789,K2-62,c,2
790,K2-63,b,1
791,K2-64,b,1
792,K2-65,b,1
793,K2-66,b,1
794,K2-67,b,1
795,K2-68,b,1
796,K2-69,b,1
797,K2-7,b,1
798,K2-70,b,1
799,K2-71,b,1
800,K2-72,b,4
801,K2-72,c,4
802,K2-72,d,4
803,K2-72,e,4
804,K2-73,b,1
805,K2-74,b,1
806,K2-75,b,2
807,K2-75,c,2
808,K2-76,b,1
809,K2-77,b,1
810,K2-78,b,1
811,K2-79,b,1
812,K2-8,b,2
813,K2-8,c,2
814,K2-80,b,2
815,K2-80,c,2
816,K2-81,b,1
817,K2-82,b,1
818,K2-83,b,2
819,K2-83,c,2
820,K2-84,b,2
821,K2-84,c,2
822,K2-85,b,1
823,K2-86,b,1
824,K2-87,b,1
825,K2-88,b,1
826,K2-89,b,1
827,K2-9,b,1
828,K2-90,b,2
829,K2-90,c,2
830,K2-91,b,1
831,K2-92,b,1
832,K2-95,b,1
833,K2-99,b,1
834,KELT-1,b,1
835,KELT-10,b,1
836,KELT-14,b,1
837,KELT-15,b,1
838,KELT-17,b,1
839,KELT-2 A,b,1
840,KELT-3,b,1
841,KELT-4 A,b,1
842,KELT-6,b,2
843,KELT-6,c,2
844,KELT-7,b,1
845,KELT-8,b,1
846,KIC 10001893,b,3
847,KIC 10001893,c,3
848,KIC 10001893,d,3
849,KIC 10525077,b,1
850,KIC 3558849,b,1
851,KIC 5437945,b,2
852,KIC 5951458,b,1
853,KIC 7917485,b,1
854,KIC 8540376,b,2
855,KIC 8540376,c,2
856,KIC 9663113,b,1
857,KOI-12,b,1
858,KOI-13,b,1
859,KOI-142,b,2
860,KOI-142,c,2
861,KOI-217,b,1
862,KOI-351,b,7
863,KOI-351,c,7
864,KOI-351,d,7
865,KOI-351,e,7
866,KOI-351,f,7
867,KOI-351,g,7
868,KOI-351,h,7
869,KOI-55,b,2
870,KOI-55,c,2
871,KOI-94,b,4
872,KOI-94,c,4
873,KOI-94,d,4
874,KOI-94,e,4
875,Kapteyn,c,1
876,Kepler-10,b,2
877,Kepler-10,c,2
878,Kepler-100,b,3
879,Kepler-100,c,3
880,Kepler-100,d,3
881,Kepler-1000,b,1
882,Kepler-1001,b,1
883,Kepler-1002,b,1
884,Kepler-1003,b,1
885,Kepler-1004,b,1
886,Kepler-1005,b,1
887,Kepler-1006,b,1
888,Kepler-1007,b,1
889,Kepler-1008,b,1
890,Kepler-1009,b,1
891,Kepler-101,b,2
892,Kepler-101,c,2
893,Kepler-1010,b,1
894,Kepler-1011,b,1
895,Kepler-1012,b,1
896,Kepler-1013,b,1
897,Kepler-1014,b,1
898,Kepler-1015,b,1
899,Kepler-1016,b,2
900,Kepler-1016,c,2
901,Kepler-1017,b,1
902,Kepler-1018,b,1
903,Kepler-1019,b,1
904,Kepler-102,b,5
905,Kepler-102,c,5
906,Kepler-102,d,5
907,Kepler-102,e,5
908,Kepler-102,f,5
909,Kepler-1020,b,1
910,Kepler-1021,b,1
911,Kepler-1022,b,1
912,Kepler-1023,b,1
913,Kepler-1024,b,1
914,Kepler-1025,b,1
915,Kepler-1026,b,1
916,Kepler-1027,b,1
917,Kepler-1028,b,1
918,Kepler-1029,b,1
919,Kepler-103,b,2
920,Kepler-103,c,2
921,Kepler-1030,b,1
922,Kepler-1031,b,1
923,Kepler-1032,b,1
924,Kepler-1033,b,1
925,Kepler-1034,b,1
926,Kepler-1035,b,1
927,Kepler-1036,b,1
928,Kepler-1037,b,1
929,Kepler-1038,b,1
930,Kepler-1039,b,1
931,Kepler-104,b,3
932,Kepler-104,c,3
933,Kepler-104,d,3
934,Kepler-1040,b,1
935,Kepler-1041,b,1
936,Kepler-1042,b,1
937,Kepler-1043,b,1
938,Kepler-1044,b,1
939,Kepler-1045,b,1
940,Kepler-1046,b,1
941,Kepler-1047,b,2
942,Kepler-1047,c,2
943,Kepler-1048,b,1
944,Kepler-1049,b,1
945,Kepler-105,b,2
946,Kepler-105,c,2
947,Kepler-1050,b,2
948,Kepler-1050,c,2
949,Kepler-1051,b,1
950,Kepler-1052,b,1
951,Kepler-1053,b,1
952,Kepler-1054,b,1
953,Kepler-1055,b,1
954,Kepler-1056,b,1
955,Kepler-1057,b,1
956,Kepler-1058,b,1
957,Kepler-1059,b,1
958,Kepler-106,b,4
959,Kepler-106,c,4
960,Kepler-106,d,4
961,Kepler-106,e,4
962,Kepler-1060,b,1
963,Kepler-1061,b,1
964,Kepler-1062,b,1
965,Kepler-1063,b,1
966,Kepler-1064,b,1
967,Kepler-1065,b,2
968,Kepler-1065,c,2
969,Kepler-1066,b,1
970,Kepler-1067,b,1
971,Kepler-1068,b,1
972,Kepler-1069,b,1
973,Kepler-107,b,4
974,Kepler-107,c,4
975,Kepler-107,d,4
976,Kepler-107,e,4
977,Kepler-1070,b,1
978,Kepler-1071,b,1
979,Kepler-1072,b,1
980,Kepler-1073,b,2
981,Kepler-1073,c,2
982,Kepler-1074,b,1
983,Kepler-1075,b,1
984,Kepler-1076,b,1
985,Kepler-1077,b,1
986,Kepler-1078,b,1
987,Kepler-1079,b,1
988,Kepler-108,b,2
989,Kepler-108,c,2
990,Kepler-1080,b,1
991,Kepler-1081,b,1
992,Kepler-1082,b,1
993,Kepler-1083,b,1
994,Kepler-1084,b,1
995,Kepler-1085,b,1
996,Kepler-1086,b,2
997,Kepler-1086,c,2
998,Kepler-1087,b,1
999,Kepler-1088,b,1
1000,Kepler-1089,b,1
1001,Kepler-109,b,2
1002,Kepler-109,c,2
1003,Kepler-1090,b,1
1004,Kepler-1091,b,1
1005,Kepler-1092,b,1
1006,Kepler-1093,b,2
1007,Kepler-1093,c,2
1008,Kepler-1094,b,1
1009,Kepler-1095,b,1
1010,Kepler-1096,b,1
1011,Kepler-1097,b,1
1012,Kepler-1098,b,1
1013,Kepler-1099,b,1
1014,Kepler-11,b,6
1015,Kepler-11,c,6
1016,Kepler-11,d,6
1017,Kepler-11,e,6
1018,Kepler-11,f,6
1019,Kepler-11,g,6
1020,Kepler-110,b,2
1021,Kepler-110,c,2
1022,Kepler-1100,b,1
1023,Kepler-1101,b,1
1024,Kepler-1102,b,1
1025,Kepler-1103,b,1
1026,Kepler-1104,b,1
1027,Kepler-1105,b,1
1028,Kepler-1106,b,1
1029,Kepler-1107,b,1
1030,Kepler-1108,b,1
1031,Kepler-1109,b,1
1032,Kepler-111,b,2
1033,Kepler-111,c,2
1034,Kepler-1110,b,1
1035,Kepler-1111,b,1
1036,Kepler-1112,b,1
1037,Kepler-1113,b,1
1038,Kepler-1114,b,1
1039,Kepler-1115,b,1
1040,Kepler-1116,b,1
1041,Kepler-1117,b,1
1042,Kepler-1118,b,1
1043,Kepler-1119,b,1
1044,Kepler-112,b,2
1045,Kepler-112,c,2
1046,Kepler-1120,b,1
1047,Kepler-1121,b,1
1048,Kepler-1122,b,1
1049,Kepler-1123,b,1
1050,Kepler-1124,b,1
1051,Kepler-1125,b,1
1052,Kepler-1126,b,1
1053,Kepler-1127,b,1
1054,Kepler-1128,b,1
1055,Kepler-1129,b,2
1056,Kepler-1129,c,2
1057,Kepler-113,b,2
1058,Kepler-113,c,2
1059,Kepler-1130,b,1
1060,Kepler-1131,b,1
1061,Kepler-1132,b,1
1062,Kepler-1133,b,1
1063,Kepler-1134,b,1
1064,Kepler-1135,b,1
1065,Kepler-1136,b,1
1066,Kepler-1137,b,1
1067,Kepler-1138,b,1
1068,Kepler-1139,b,1
1069,Kepler-114,b,3
1070,Kepler-114,c,3
1071,Kepler-114,d,3
1072,Kepler-1140,b,1
1073,Kepler-1141,b,1
1074,Kepler-1142,b,1
1075,Kepler-1143,b,2
1076,Kepler-1143,c,2
1077,Kepler-1144,b,1
1078,Kepler-1145,b,1
1079,Kepler-1146,b,1
1080,Kepler-1147,b,1
1081,Kepler-1148,b,1
1082,Kepler-1149,b,1
1083,Kepler-115,b,2
1084,Kepler-115,c,2
1085,Kepler-1150,b,1
1086,Kepler-1151,b,1
1087,Kepler-1152,b,1
1088,Kepler-1153,b,1
1089,Kepler-1154,b,2
1090,Kepler-1154,c,2
1091,Kepler-1155,b,1
1092,Kepler-1156,b,1
1093,Kepler-1157,b,1
1094,Kepler-1158,b,1
1095,Kepler-1159,b,1
1096,Kepler-116,b,2
1097,Kepler-116,c,2
1098,Kepler-1160,b,1
1099,Kepler-1161,b,1
1100,Kepler-1162,b,1
1101,Kepler-1163,b,1
1102,Kepler-1164,b,1
1103,Kepler-1165,b,1
1104,Kepler-1166,b,1
1105,Kepler-1167,b,1
1106,Kepler-1168,b,1
1107,Kepler-1169,b,1
1108,Kepler-117,b,2
1109,Kepler-117,c,2
1110,Kepler-1170,b,1
1111,Kepler-1171,b,1
1112,Kepler-1172,b,1
1113,Kepler-1173,b,1
1114,Kepler-1174,b,1
1115,Kepler-1175,b,1
1116,Kepler-1176,b,1
1117,Kepler-1177,b,1
1118,Kepler-1178,b,1
1119,Kepler-1179,b,1
1120,Kepler-118,b,2
1121,Kepler-118,c,2
1122,Kepler-1180,b,1
1123,Kepler-1181,b,1
1124,Kepler-1182,b,1
1125,Kepler-1183,b,1
1126,Kepler-1184,b,1
1127,Kepler-1185,b,1
1128,Kepler-1186,b,1
1129,Kepler-1187,b,1
1130,Kepler-1188,b,1
1131,Kepler-1189,b,1
1132,Kepler-119,b,2
1133,Kepler-119,c,2
1134,Kepler-1190,b,1
1135,Kepler-1191,b,1
1136,Kepler-1192,b,1
1137,Kepler-1193,b,1
1138,Kepler-1194,b,1
1139,Kepler-1195,b,1
1140,Kepler-1196,b,1
1141,Kepler-1197,b,1
1142,Kepler-1198,b,1
1143,Kepler-1199,b,1
1144,Kepler-12,b,1
1145,Kepler-120,b,2
1146,Kepler-120,c,2
1147,Kepler-1200,b,1
1148,Kepler-1201,b,1
1149,Kepler-1202,b,1
1150,Kepler-1203,b,1
1151,Kepler-1204,b,1
1152,Kepler-1205,b,1
1153,Kepler-1206,b,1
1154,Kepler-1207,b,1
1155,Kepler-1208,b,1
1156,Kepler-1209,b,1
1157,Kepler-121,b,2
1158,Kepler-121,c,2
1159,Kepler-1210,b,1
1160,Kepler-1211,b,1
1161,Kepler-1212,b,1
1162,Kepler-1213,b,1
1163,Kepler-1214,b,1
1164,Kepler-1215,b,1
1165,Kepler-1216,b,1
1166,Kepler-1217,b,1
1167,Kepler-1218,b,1
1168,Kepler-1219,b,1
1169,Kepler-122,b,5
1170,Kepler-122,c,5
1171,Kepler-122,d,5
1172,Kepler-122,e,5
1173,Kepler-122,f,5
1174,Kepler-1220,b,1
1175,Kepler-1221,b,1
1176,Kepler-1222,b,1
1177,Kepler-1223,b,1
1178,Kepler-1224,b,1
1179,Kepler-1225,b,1
1180,Kepler-1226,b,1
1181,Kepler-1227,b,1
1182,Kepler-1228,b,1
1183,Kepler-1229,b,1
1184,Kepler-123,b,2
1185,Kepler-123,c,2
1186,Kepler-1230,b,1
1187,Kepler-1231,b,1
1188,Kepler-1232,b,1
1189,Kepler-1233,b,1
1190,Kepler-1234,b,1
1191,Kepler-1235,b,1
1192,Kepler-1236,b,1
1193,Kepler-1237,b,1
1194,Kepler-1238,b,1
1195,Kepler-1239,b,1
1196,Kepler-124,b,3
1197,Kepler-124,c,3
1198,Kepler-124,d,3
1199,Kepler-1240,b,1
1200,Kepler-1241,b,1
1201,Kepler-1242,b,1
1202,Kepler-1243,b,1
1203,Kepler-1244,b,1
1204,Kepler-1245,b,2
1205,Kepler-1245,c,2
1206,Kepler-1246,b,1
1207,Kepler-1247,b,1
1208,Kepler-1248,b,1
1209,Kepler-1249,b,1
1210,Kepler-125,b,2
1211,Kepler-125,c,2
1212,Kepler-1250,b,1
1213,Kepler-1251,b,1
1214,Kepler-1252,b,1
1215,Kepler-1253,b,1
1216,Kepler-1254,b,3
1217,Kepler-1254,c,3
1218,Kepler-1254,d,3
1219,Kepler-1255,b,1
1220,Kepler-1256,b,1
1221,Kepler-1257,b,1
1222,Kepler-1258,b,1
1223,Kepler-1259,b,1
1224,Kepler-126,b,3
1225,Kepler-126,c,3
1226,Kepler-126,d,3
1227,Kepler-1260,b,1
1228,Kepler-1261,b,1
1229,Kepler-1262,b,1
1230,Kepler-1263,b,1
1231,Kepler-1264,b,1
1232,Kepler-1265,b,1
1233,Kepler-1266,b,1
1234,Kepler-1267,b,1
1235,Kepler-1268,b,1
1236,Kepler-1269,b,1
1237,Kepler-127,b,3
1238,Kepler-127,c,3
1239,Kepler-127,d,3
1240,Kepler-1270,b,1
1241,Kepler-1271,b,1
1242,Kepler-1272,b,1
1243,Kepler-1273,b,1
1244,Kepler-1274,b,1
1245,Kepler-1275,b,1
1246,Kepler-1276,b,1
1247,Kepler-1277,b,1
1248,Kepler-1278,b,1
1249,Kepler-1279,b,1
1250,Kepler-128,b,2
1251,Kepler-128,c,2
1252,Kepler-1280,b,1
1253,Kepler-1281,b,1
1254,Kepler-1282,b,1
1255,Kepler-1283,b,1
1256,Kepler-1284,b,1
1257,Kepler-1285,b,1
1258,Kepler-1286,b,1
1259,Kepler-1287,b,1
1260,Kepler-1288,b,1
1261,Kepler-1289,b,1
1262,Kepler-129,b,2
1263,Kepler-129,c,2
1264,Kepler-1290,b,1
1265,Kepler-1291,b,1
1266,Kepler-1292,b,1
1267,Kepler-1293,b,1
1268,Kepler-1294,b,1
1269,Kepler-1295,b,1
1270,Kepler-1296,b,1
1271,Kepler-1297,b,1
1272,Kepler-1298,b,1
1273,Kepler-1299,b,1
1274,Kepler-130,b,3
1275,Kepler-130,c,3
1276,Kepler-130,d,3
1277,Kepler-1300,b,1
1278,Kepler-1301,b,1
1279,Kepler-1302,b,1
1280,Kepler-1303,b,1
1281,Kepler-1304,b,1
1282,Kepler-1305,b,1
1283,Kepler-1306,b,1
1284,Kepler-1307,b,1
1285,Kepler-1308,b,1
1286,Kepler-1309,b,1
1287,Kepler-131,b,2
1288,Kepler-131,c,2
1289,Kepler-1310,b,1
1290,Kepler-1311,b,2
1291,Kepler-1311,c,2
1292,Kepler-1312,b,1
1293,Kepler-1313,b,1
1294,Kepler-1314,b,1
1295,Kepler-1315,b,1
1296,Kepler-1316,b,1
1297,Kepler-1317,b,1
1298,Kepler-1318,b,1
1299,Kepler-1319,b,1
1300,Kepler-132,b,4
1301,Kepler-132,c,4
1302,Kepler-132,d,4
1303,Kepler-132,e,4
1304,Kepler-1320,b,1
1305,Kepler-1321,b,2
1306,Kepler-1321,c,2
1307,Kepler-1322,b,1
1308,Kepler-1323,b,1
1309,Kepler-1324,b,1
1310,Kepler-1325,b,1
1311,Kepler-1326,b,1
1312,Kepler-1327,b,1
1313,Kepler-1328,b,1
1314,Kepler-1329,b,1
1315,Kepler-133,b,2
1316,Kepler-133,c,2
1317,Kepler-1330,b,1
1318,Kepler-1331,b,1
1319,Kepler-1332,b,1
1320,Kepler-1333,b,1
1321,Kepler-1334,b,1
1322,Kepler-1335,b,1
1323,Kepler-1336,b,2
1324,Kepler-1336,c,2
1325,Kepler-1337,b,1
1326,Kepler-1338,b,1
1327,Kepler-1339,b,1
1328,Kepler-134,b,2
1329,Kepler-134,c,2
1330,Kepler-1340,b,1
1331,Kepler-1341,b,1
1332,Kepler-1342,b,1
1333,Kepler-1343,b,1
1334,Kepler-1344,b,1
1335,Kepler-1345,b,1
1336,Kepler-1346,b,1
1337,Kepler-1347,b,1
1338,Kepler-1348,b,1
1339,Kepler-1349,b,1
1340,Kepler-135,b,2
1341,Kepler-135,c,2
1342,Kepler-1350,b,2
1343,Kepler-1350,c,2
1344,Kepler-1351,b,1
1345,Kepler-1352,b,1
1346,Kepler-1353,b,1
1347,Kepler-1354,b,1
1348,Kepler-1355,b,1
1349,Kepler-1356,b,1
1350,Kepler-1357,b,1
1351,Kepler-1358,b,1
1352,Kepler-1359,b,1
1353,Kepler-136,b,2
1354,Kepler-136,c,2
1355,Kepler-1360,b,1
1356,Kepler-1361,b,1
1357,Kepler-1362,b,1
1358,Kepler-1363,b,1
1359,Kepler-1364,b,1
1360,Kepler-1365,b,2
1361,Kepler-1365,c,2
1362,Kepler-1366,b,1
1363,Kepler-1367,b,1
1364,Kepler-1368,b,1
1365,Kepler-1369,b,1
1366,Kepler-137,b,2
1367,Kepler-137,c,2
1368,Kepler-1370,b,2
1369,Kepler-1370,c,2
1370,Kepler-1371,b,2
1371,Kepler-1371,c,2
1372,Kepler-1372,b,1
1373,Kepler-1373,b,1
1374,Kepler-1374,b,1
1375,Kepler-1375,b,1
1376,Kepler-1376,b,1
1377,Kepler-1377,b,1
1378,Kepler-1378,b,1
1379,Kepler-1379,b,1
1380,Kepler-138,b,3
1381,Kepler-138,c,3
1382,Kepler-138,d,3
1383,Kepler-1380,b,1
1384,Kepler-1381,b,1
1385,Kepler-1382,b,1
1386,Kepler-1383,b,1
1387,Kepler-1384,b,1
1388,Kepler-1385,b,1
1389,Kepler-1386,b,1
1390,Kepler-1387,b,1
1391,Kepler-1388,b,4
1392,Kepler-1388,c,4
1393,Kepler-1388,d,4
1394,Kepler-1388,e,4
1395,Kepler-1389,b,1
1396,Kepler-139,b,2
1397,Kepler-139,c,2
1398,Kepler-1390,b,1
1399,Kepler-1391,b,1
1400,Kepler-1392,b,1
1401,Kepler-1393,b,1
1402,Kepler-1394,b,1
1403,Kepler-1395,b,1
1404,Kepler-1396,b,1
1405,Kepler-1397,b,1
1406,Kepler-1398,b,2
1407,Kepler-1398,c,2
1408,Kepler-1399,b,1
1409,Kepler-14,b,1
1410,Kepler-140,b,2
1411,Kepler-140,c,2
1412,Kepler-1400,b,1
1413,Kepler-1401,b,1
1414,Kepler-1402,b,1
1415,Kepler-1403,b,1
1416,Kepler-1404,b,1
1417,Kepler-1405,b,1
1418,Kepler-1406,b,1
1419,Kepler-1407,b,1
1420,Kepler-1408,b,1
1421,Kepler-1409,b,1
1422,Kepler-141,b,2
1423,Kepler-141,c,2
1424,Kepler-1410,b,1
1425,Kepler-1411,b,1
1426,Kepler-1412,b,1
1427,Kepler-1413,b,1
1428,Kepler-1414,b,1
1429,Kepler-1415,b,1
1430,Kepler-1416,b,1
1431,Kepler-1417,b,1
1432,Kepler-1418,b,1
1433,Kepler-1419,b,1
1434,Kepler-142,b,3
1435,Kepler-142,c,3
1436,Kepler-142,d,3
1437,Kepler-1420,b,1
1438,Kepler-1421,b,1
1439,Kepler-1422,b,1
1440,Kepler-1423,b,1
1441,Kepler-1424,b,1
1442,Kepler-1425,b,1
1443,Kepler-1426,b,1
1444,Kepler-1427,b,1
1445,Kepler-1428,b,1
1446,Kepler-1429,b,1
1447,Kepler-143,b,2
1448,Kepler-143,c,2
1449,Kepler-1430,b,1
1450,Kepler-1431,b,1
1451,Kepler-1432,b,1
1452,Kepler-1433,b,1
1453,Kepler-1434,b,1
1454,Kepler-1435,b,1
1455,Kepler-1436,b,1
1456,Kepler-1437,b,1
1457,Kepler-1438,b,1
1458,Kepler-1439,b,1
1459,Kepler-144,b,2
1460,Kepler-144,c,2
1461,Kepler-1440,b,1
1462,Kepler-1441,b,1
1463,Kepler-1442,b,1
1464,Kepler-1443,b,1
1465,Kepler-1444,b,1
1466,Kepler-1445,b,1
1467,Kepler-1446,b,1
1468,Kepler-1447,b,1
1469,Kepler-1448,b,1
1470,Kepler-1449,b,1
1471,Kepler-145,b,2
1472,Kepler-145,c,2
1473,Kepler-1450,b,1
1474,Kepler-1451,b,1
1475,Kepler-1452,b,1
1476,Kepler-1453,b,1
1477,Kepler-1454,b,1
1478,Kepler-1455,b,1
1479,Kepler-1456,b,1
1480,Kepler-1457,b,1
1481,Kepler-1458,b,1
1482,Kepler-1459,b,1
1483,Kepler-146,b,2
1484,Kepler-146,c,2
1485,Kepler-1460,b,1
1486,Kepler-1461,b,1
1487,Kepler-1462,b,1
1488,Kepler-1463,b,1
1489,Kepler-1464,b,2
1490,Kepler-1464,c,2
1491,Kepler-1465,b,1
1492,Kepler-1466,b,1
1493,Kepler-1467,b,1
1494,Kepler-1468,b,2
1495,Kepler-1468,c,2
1496,Kepler-1469,b,1
1497,Kepler-147,b,2
1498,Kepler-147,c,2
1499,Kepler-1470,b,1
1500,Kepler-1471,b,1
1501,Kepler-1472,b,1
1502,Kepler-1473,b,1
1503,Kepler-1474,b,1
1504,Kepler-1475,b,1
1505,Kepler-1476,b,1
1506,Kepler-1477,b,1
1507,Kepler-1478,b,1
1508,Kepler-1479,b,1
1509,Kepler-148,b,3
1510,Kepler-148,c,3
1511,Kepler-148,d,3
1512,Kepler-1480,b,1
1513,Kepler-1481,b,1
1514,Kepler-1482,b,1
1515,Kepler-1483,b,1
1516,Kepler-1484,b,1
1517,Kepler-1485,b,1
1518,Kepler-1486,b,1
1519,Kepler-1487,b,1
1520,Kepler-1488,b,1
1521,Kepler-1489,b,1
1522,Kepler-149,b,3
1523,Kepler-149,c,3
1524,Kepler-149,d,3
1525,Kepler-1490,b,1
1526,Kepler-1491,b,1
1527,Kepler-1492,b,1
1528,Kepler-1493,b,1
1529,Kepler-1494,b,1
1530,Kepler-1495,b,1
1531,Kepler-1496,b,1
1532,Kepler-1497,b,1
1533,Kepler-1498,b,1
1534,Kepler-1499,b,1
1535,Kepler-15,b,1
1536,Kepler-150,b,4
1537,Kepler-150,c,4
1538,Kepler-150,d,4
1539,Kepler-150,e,4
1540,Kepler-1500,b,1
1541,Kepler-1501,b,1
1542,Kepler-1502,b,1
1543,Kepler-1503,b,1
1544,Kepler-1504,b,1
1545,Kepler-1505,b,1
1546,Kepler-1506,b,1
1547,Kepler-1507,b,1
1548,Kepler-1508,b,1
1549,Kepler-1509,b,1
1550,Kepler-151,b,2
1551,Kepler-151,c,2
1552,Kepler-1510,b,1
1553,Kepler-1511,b,1
1554,Kepler-1512,b,1
1555,Kepler-1513,b,1
1556,Kepler-1514,b,1
1557,Kepler-1515,b,1
1558,Kepler-1516,b,1
1559,Kepler-1517,b,1
1560,Kepler-1518,b,1
1561,Kepler-1519,b,1
1562,Kepler-152,b,2
1563,Kepler-152,c,2
1564,Kepler-1520,b,1
1565,Kepler-1521,b,1
1566,Kepler-1522,b,1
1567,Kepler-1523,b,1
1568,Kepler-1524,b,1
1569,Kepler-1525,b,1
1570,Kepler-1526,b,1
1571,Kepler-1527,b,1
1572,Kepler-1528,b,1
1573,Kepler-1529,b,1
1574,Kepler-153,b,2
1575,Kepler-153,c,2
1576,Kepler-1530,b,2
1577,Kepler-1530,c,2
1578,Kepler-1531,b,1
1579,Kepler-1532,b,1
1580,Kepler-1533,b,1
1581,Kepler-1534,b,1
1582,Kepler-1535,b,1
1583,Kepler-1536,b,1
1584,Kepler-1537,b,1
1585,Kepler-1538,b,1
1586,Kepler-1539,b,1
1587,Kepler-154,b,5
1588,Kepler-154,c,5
1589,Kepler-154,d,5
1590,Kepler-154,e,5
1591,Kepler-154,f,5
1592,Kepler-1540,b,1
1593,Kepler-1541,b,1
1594,Kepler-1542,b,4
1595,Kepler-1542,c,4
1596,Kepler-1542,d,4
1597,Kepler-1542,e,4
1598,Kepler-1543,b,1
1599,Kepler-1544,b,1
1600,Kepler-1545,b,1
1601,Kepler-1546,b,1
1602,Kepler-1547,b,1
1603,Kepler-1548,b,1
1604,Kepler-1549,b,1
1605,Kepler-155,b,2
1606,Kepler-155,c,2
1607,Kepler-1550,b,1
1608,Kepler-1551,b,1
1609,Kepler-1552,b,1
1610,Kepler-1553,b,1
1611,Kepler-1554,b,1
1612,Kepler-1555,b,1
1613,Kepler-1556,b,1
1614,Kepler-1557,b,1
1615,Kepler-1558,b,1
1616,Kepler-1559,b,1
1617,Kepler-156,b,2
1618,Kepler-156,c,2
1619,Kepler-1560,b,1
1620,Kepler-1561,b,1
1621,Kepler-1562,b,1
1622,Kepler-1563,b,1
1623,Kepler-1564,b,1
1624,Kepler-1565,b,1
1625,Kepler-1566,b,1
1626,Kepler-1567,b,1
1627,Kepler-1568,b,1
1628,Kepler-1569,b,1
1629,Kepler-157,b,3
1630,Kepler-157,c,3
1631,Kepler-157,d,3
1632,Kepler-1570,b,1
1633,Kepler-1571,b,1
1634,Kepler-1572,b,1
1635,Kepler-1573,b,1
1636,Kepler-1574,b,1
1637,Kepler-1575,b,1
1638,Kepler-1576,b,1
1639,Kepler-1577,b,1
1640,Kepler-1578,b,1
1641,Kepler-1579,b,1
1642,Kepler-158,b,2
1643,Kepler-158,c,2
1644,Kepler-1580,b,1
1645,Kepler-1581,b,1
1646,Kepler-1582,b,1
1647,Kepler-1583,b,1
1648,Kepler-1584,b,1
1649,Kepler-1585,b,1
1650,Kepler-1586,b,1
1651,Kepler-1587,b,1
1652,Kepler-1588,b,1
1653,Kepler-1589,b,1
1654,Kepler-159,b,2
1655,Kepler-159,c,2
1656,Kepler-1590,b,1
1657,Kepler-1591,b,1
1658,Kepler-1592,b,1
1659,Kepler-1593,b,1
1660,Kepler-1594,b,1
1661,Kepler-1595,b,1
1662,Kepler-1596,b,1
1663,Kepler-1597,b,1
1664,Kepler-1598,b,1
1665,Kepler-1599,b,1
1666,Kepler-16,b,1
1667,Kepler-160,b,2
1668,Kepler-160,c,2
1669,Kepler-1600,b,1
1670,Kepler-1601,b,1
1671,Kepler-1602,b,1
1672,Kepler-1603,b,1
1673,Kepler-1604,b,1
1674,Kepler-1605,b,1
1675,Kepler-1606,b,1
1676,Kepler-1607,b,1
1677,Kepler-1608,b,1
1678,Kepler-1609,b,1
1679,Kepler-161,b,2
1680,Kepler-161,c,2
1681,Kepler-1610,b,1
1682,Kepler-1611,b,1
1683,Kepler-1612,b,1
1684,Kepler-1613,b,1
1685,Kepler-1614,b,1
1686,Kepler-1615,b,1
1687,Kepler-1616,b,1
1688,Kepler-1617,b,1
1689,Kepler-1618,b,1
1690,Kepler-1619,b,1
1691,Kepler-162,b,2
1692,Kepler-162,c,2
1693,Kepler-1620,b,1
1694,Kepler-1621,b,1
1695,Kepler-1622,b,1
1696,Kepler-1623,b,1
1697,Kepler-1624,b,1
1698,Kepler-1625,b,1
1699,Kepler-1626,b,1
1700,Kepler-1627,b,1
1701,Kepler-1628,b,1
1702,Kepler-1629,b,1
1703,Kepler-163,b,2
1704,Kepler-163,c,2
1705,Kepler-1630,b,1
1706,Kepler-1631,b,1
1707,Kepler-1632,b,1
1708,Kepler-1633,b,1
1709,Kepler-1634,b,1
1710,Kepler-1635,b,1
1711,Kepler-1636,b,1
1712,Kepler-1637,b,1
1713,Kepler-1638,b,1
1714,Kepler-1639,b,1
1715,Kepler-164,b,3
1716,Kepler-164,c,3
1717,Kepler-164,d,3
1718,Kepler-1640,b,1
1719,Kepler-1641,b,2
1720,Kepler-1641,c,2
1721,Kepler-1642,b,2
1722,Kepler-1642,c,2
1723,Kepler-1643,b,1
1724,Kepler-1644,b,1
1725,Kepler-1645,b,1
1726,Kepler-1646,b,1
1727,Kepler-1647,b,1
1728,Kepler-165,b,2
1729,Kepler-165,c,2
1730,Kepler-166,b,3
1731,Kepler-166,c,3
1732,Kepler-166,d,3
1733,Kepler-167,b,4
1734,Kepler-167,c,4
1735,Kepler-167,d,4
1736,Kepler-167,e,4
1737,Kepler-168,b,2
1738,Kepler-168,c,2
1739,Kepler-169,b,5
1740,Kepler-169,c,5
1741,Kepler-169,d,5
1742,Kepler-169,e,5
1743,Kepler-169,f,5
1744,Kepler-17,b,1
1745,Kepler-170,b,2
1746,Kepler-170,c,2
1747,Kepler-171,b,3
1748,Kepler-171,c,3
1749,Kepler-171,d,3
1750,Kepler-172,b,4
1751,Kepler-172,c,4
1752,Kepler-172,d,4
1753,Kepler-172,e,4
1754,Kepler-173,b,2
1755,Kepler-173,c,2
1756,Kepler-174,b,3
1757,Kepler-174,c,3
1758,Kepler-174,d,3
1759,Kepler-175,b,2
1760,Kepler-175,c,2
1761,Kepler-176,b,4
1762,Kepler-176,c,4
1763,Kepler-176,d,4
1764,Kepler-176,e,4
1765,Kepler-177,b,2
1766,Kepler-177,c,2
1767,Kepler-178,b,3
1768,Kepler-178,c,3
1769,Kepler-178,d,3
1770,Kepler-179,b,2
1771,Kepler-179,c,2
1772,Kepler-18,b,3
1773,Kepler-18,c,3
1774,Kepler-18,d,3
1775,Kepler-180,b,2
1776,Kepler-180,c,2
1777,Kepler-181,b,2
1778,Kepler-181,c,2
1779,Kepler-182,b,2
1780,Kepler-182,c,2
1781,Kepler-183,b,2
1782,Kepler-183,c,2
1783,Kepler-184,b,3
1784,Kepler-184,c,3
1785,Kepler-184,d,3
1786,Kepler-185,b,2
1787,Kepler-185,c,2
1788,Kepler-186,b,5
1789,Kepler-186,c,5
1790,Kepler-186,d,5
1791,Kepler-186,e,5
1792,Kepler-186,f,5
1793,Kepler-187,b,2
1794,Kepler-187,c,2
1795,Kepler-188,b,2
1796,Kepler-188,c,2
1797,Kepler-189,b,2
1798,Kepler-189,c,2
1799,Kepler-19,b,2
1800,Kepler-19,c,2
1801,Kepler-190,b,2
1802,Kepler-190,c,2
1803,Kepler-191,b,3
1804,Kepler-191,c,3
1805,Kepler-191,d,3
1806,Kepler-192,b,3
1807,Kepler-192,c,3
1808,Kepler-192,d,3
1809,Kepler-193,b,2
1810,Kepler-193,c,2
1811,Kepler-194,b,3
1812,Kepler-194,c,3
1813,Kepler-194,d,3
1814,Kepler-195,b,2
1815,Kepler-195,c,2
1816,Kepler-196,b,2
1817,Kepler-196,c,2
1818,Kepler-197,b,4
1819,Kepler-197,c,4
1820,Kepler-197,d,4
1821,Kepler-197,e,4
1822,Kepler-198,b,3
1823,Kepler-198,c,3
1824,Kepler-198,d,3
1825,Kepler-199,b,2
1826,Kepler-199,c,2
1827,Kepler-20,b,5
1828,Kepler-20,c,5
1829,Kepler-20,d,5
1830,Kepler-20,e,5
1831,Kepler-20,f,5
1832,Kepler-200,b,2
1833,Kepler-200,c,2
1834,Kepler-201,b,2
1835,Kepler-201,c,2
1836,Kepler-202,b,2
1837,Kepler-202,c,2
1838,Kepler-203,b,3
1839,Kepler-203,c,3
1840,Kepler-203,d,3
1841,Kepler-204,b,2
1842,Kepler-204,c,2
1843,Kepler-205,b,2
1844,Kepler-205,c,2
1845,Kepler-206,b,3
1846,Kepler-206,c,3
1847,Kepler-206,d,3
1848,Kepler-207,b,3
1849,Kepler-207,c,3
1850,Kepler-207,d,3
1851,Kepler-208,b,4
1852,Kepler-208,c,4
1853,Kepler-208,d,4
1854,Kepler-208,e,4
1855,Kepler-209,b,2
1856,Kepler-209,c,2
1857,Kepler-21,b,1
1858,Kepler-210,b,2
1859,Kepler-210,c,2
1860,Kepler-211,b,2
1861,Kepler-211,c,2
1862,Kepler-212,b,2
1863,Kepler-212,c,2
1864,Kepler-213,b,2
1865,Kepler-213,c,2
1866,Kepler-214,b,2
1867,Kepler-214,c,2
1868,Kepler-215,b,4
1869,Kepler-215,c,4
1870,Kepler-215,d,4
1871,Kepler-215,e,4
1872,Kepler-216,b,2
1873,Kepler-216,c,2
1874,Kepler-217,b,3
1875,Kepler-217,c,3
1876,Kepler-217,d,3
1877,Kepler-218,b,3
1878,Kepler-218,c,3
1879,Kepler-218,d,3
1880,Kepler-219,b,3
1881,Kepler-219,c,3
1882,Kepler-219,d,3
1883,Kepler-22,b,1
1884,Kepler-220,b,4
1885,Kepler-220,c,4
1886,Kepler-220,d,4
1887,Kepler-220,e,4
1888,Kepler-221,b,4
1889,Kepler-221,c,4
1890,Kepler-221,d,4
1891,Kepler-221,e,4
1892,Kepler-222,b,3
1893,Kepler-222,c,3
1894,Kepler-222,d,3
1895,Kepler-223,b,4
1896,Kepler-223,c,4
1897,Kepler-223,d,4
1898,Kepler-223,e,4
1899,Kepler-224,b,4
1900,Kepler-224,c,4
1901,Kepler-224,d,4
1902,Kepler-224,e,4
1903,Kepler-225,b,2
1904,Kepler-225,c,2
1905,Kepler-226,b,3
1906,Kepler-226,c,3
1907,Kepler-226,d,3
1908,Kepler-227,b,2
1909,Kepler-227,c,2
1910,Kepler-228,b,3
1911,Kepler-228,c,3
1912,Kepler-228,d,3
1913,Kepler-229,b,3
1914,Kepler-229,c,3
1915,Kepler-229,d,3
1916,Kepler-23,b,3
1917,Kepler-23,c,3
1918,Kepler-23,d,3
1919,Kepler-230,b,2
1920,Kepler-230,c,2
1921,Kepler-231,b,2
1922,Kepler-231,c,2
1923,Kepler-232,b,2
1924,Kepler-232,c,2
1925,Kepler-233,b,2
1926,Kepler-233,c,2
1927,Kepler-234,b,2
1928,Kepler-234,c,2
1929,Kepler-235,b,4
1930,Kepler-235,c,4
1931,Kepler-235,d,4
1932,Kepler-235,e,4
1933,Kepler-236,b,2
1934,Kepler-236,c,2
1935,Kepler-237,b,2
1936,Kepler-237,c,2
1937,Kepler-238,b,5
1938,Kepler-238,c,5
1939,Kepler-238,d,5
1940,Kepler-238,e,5
1941,Kepler-238,f,5
1942,Kepler-239,b,2
1943,Kepler-239,c,2
1944,Kepler-24,b,4
1945,Kepler-24,c,4
1946,Kepler-24,d,4
1947,Kepler-24,e,4
1948,Kepler-240,b,2
1949,Kepler-240,c,2
1950,Kepler-241,b,2
1951,Kepler-241,c,2
1952,Kepler-242,b,2
1953,Kepler-242,c,2
1954,Kepler-243,b,2
1955,Kepler-243,c,2
1956,Kepler-244,b,3
1957,Kepler-244,c,3
1958,Kepler-244,d,3
1959,Kepler-245,b,4
1960,Kepler-245,c,4
1961,Kepler-245,d,4
1962,Kepler-245,e,4
1963,Kepler-246,b,2
1964,Kepler-246,c,2
1965,Kepler-247,b,3
1966,Kepler-247,c,3
1967,Kepler-247,d,3
1968,Kepler-248,b,2
1969,Kepler-248,c,2
1970,Kepler-249,b,3
1971,Kepler-249,c,3
1972,Kepler-249,d,3
1973,Kepler-25,b,3
1974,Kepler-25,c,3
1975,Kepler-25,d,3
1976,Kepler-250,b,3
1977,Kepler-250,c,3
1978,Kepler-250,d,3
1979,Kepler-251,b,4
1980,Kepler-251,c,4
1981,Kepler-251,d,4
1982,Kepler-251,e,4
1983,Kepler-252,b,2
1984,Kepler-252,c,2
1985,Kepler-253,b,3
1986,Kepler-253,c,3
1987,Kepler-253,d,3
1988,Kepler-254,b,3
1989,Kepler-254,c,3
1990,Kepler-254,d,3
1991,Kepler-255,b,3
1992,Kepler-255,c,3
1993,Kepler-255,d,3
1994,Kepler-256,b,4
1995,Kepler-256,c,4
1996,Kepler-256,d,4
1997,Kepler-256,e,4
1998,Kepler-257,b,3
1999,Kepler-257,c,3
2000,Kepler-257,d,3
2001,Kepler-258,b,2
2002,Kepler-258,c,2
2003,Kepler-259,b,2
2004,Kepler-259,c,2
2005,Kepler-26,b,4
2006,Kepler-26,c,4
2007,Kepler-26,d,4
2008,Kepler-26,e,4
2009,Kepler-260,b,2
2010,Kepler-260,c,2
2011,Kepler-261,b,2
2012,Kepler-261,c,2
2013,Kepler-262,b,2
2014,Kepler-262,c,2
2015,Kepler-263,b,2
2016,Kepler-263,c,2
2017,Kepler-264,b,2
2018,Kepler-264,c,2
2019,Kepler-265,b,4
2020,Kepler-265,c,4
2021,Kepler-265,d,4
2022,Kepler-265,e,4
2023,Kepler-266,b,2
2024,Kepler-266,c,2
2025,Kepler-267,b,3
2026,Kepler-267,c,3
2027,Kepler-267,d,3
2028,Kepler-268,b,2
2029,Kepler-268,c,2
2030,Kepler-269,b,2
2031,Kepler-269,c,2
2032,Kepler-27,b,2
2033,Kepler-27,c,2
2034,Kepler-270,b,2
2035,Kepler-270,c,2
2036,Kepler-271,b,3
2037,Kepler-271,c,3
2038,Kepler-271,d,3
2039,Kepler-272,b,3
2040,Kepler-272,c,3
2041,Kepler-272,d,3
2042,Kepler-273,b,2
2043,Kepler-273,c,2
2044,Kepler-274,b,2
2045,Kepler-274,c,2
2046,Kepler-275,b,3
2047,Kepler-275,c,3
2048,Kepler-275,d,3
2049,Kepler-276,b,3
2050,Kepler-276,c,3
2051,Kepler-276,d,3
2052,Kepler-277,b,2
2053,Kepler-277,c,2
2054,Kepler-278,b,2
2055,Kepler-278,c,2
2056,Kepler-279,b,3
2057,Kepler-279,c,3
2058,Kepler-279,d,3
2059,Kepler-28,b,2
2060,Kepler-28,c,2
2061,Kepler-280,b,2
2062,Kepler-280,c,2
2063,Kepler-281,b,2
2064,Kepler-281,c,2
2065,Kepler-282,b,4
2066,Kepler-282,c,4
2067,Kepler-282,d,4
2068,Kepler-282,e,4
2069,Kepler-283,b,2
2070,Kepler-283,c,2
2071,Kepler-284,b,2
2072,Kepler-284,c,2
2073,Kepler-285,b,2
2074,Kepler-285,c,2
2075,Kepler-286,b,4
2076,Kepler-286,c,4
2077,Kepler-286,d,4
2078,Kepler-286,e,4
2079,Kepler-287,b,2
2080,Kepler-287,c,2
2081,Kepler-288,b,3
2082,Kepler-288,c,3
2083,Kepler-288,d,3
2084,Kepler-289,b,3
2085,Kepler-289,c,3
2086,Kepler-289,d,3
2087,Kepler-29,b,2
2088,Kepler-29,c,2
2089,Kepler-290,b,2
2090,Kepler-290,c,2
2091,Kepler-291,b,2
2092,Kepler-291,c,2
2093,Kepler-292,b,5
2094,Kepler-292,c,5
2095,Kepler-292,d,5
2096,Kepler-292,e,5
2097,Kepler-292,f,5
2098,Kepler-293,b,2
2099,Kepler-293,c,2
2100,Kepler-294,b,2
2101,Kepler-294,c,2
2102,Kepler-295,b,3
2103,Kepler-295,c,3
2104,Kepler-295,d,3
2105,Kepler-296,b,5
2106,Kepler-296,c,5
2107,Kepler-296,d,5
2108,Kepler-296,e,5
2109,Kepler-296,f,5
2110,Kepler-297,b,2
2111,Kepler-297,c,2
2112,Kepler-298,b,3
2113,Kepler-298,c,3
2114,Kepler-298,d,3
2115,Kepler-299,b,4
2116,Kepler-299,c,4
2117,Kepler-299,d,4
2118,Kepler-299,e,4
2119,Kepler-30,b,3
2120,Kepler-30,c,3
2121,Kepler-30,d,3
2122,Kepler-300,b,2
2123,Kepler-300,c,2
2124,Kepler-301,b,3
2125,Kepler-301,c,3
2126,Kepler-301,d,3
2127,Kepler-302,b,2
2128,Kepler-302,c,2
2129,Kepler-303,b,2
2130,Kepler-303,c,2
2131,Kepler-304,b,4
2132,Kepler-304,c,4
2133,Kepler-304,d,4
2134,Kepler-304,e,4
2135,Kepler-305,b,3
2136,Kepler-305,c,3
2137,Kepler-305,d,3
2138,Kepler-306,b,4
2139,Kepler-306,c,4
2140,Kepler-306,d,4
2141,Kepler-306,e,4
2142,Kepler-307,b,2
2143,Kepler-307,c,2
2144,Kepler-308,b,2
2145,Kepler-308,c,2
2146,Kepler-309,b,2
2147,Kepler-309,c,2
2148,Kepler-31,b,3
2149,Kepler-31,c,3
2150,Kepler-31,d,3
2151,Kepler-310,b,3
2152,Kepler-310,c,3
2153,Kepler-310,d,3
2154,Kepler-311,b,2
2155,Kepler-311,c,2
2156,Kepler-312,b,2
2157,Kepler-312,c,2
2158,Kepler-313,b,2
2159,Kepler-313,c,2
2160,Kepler-314,b,2
2161,Kepler-314,c,2
2162,Kepler-315,b,2
2163,Kepler-315,c,2
2164,Kepler-316,b,2
2165,Kepler-316,c,2
2166,Kepler-317,b,2
2167,Kepler-317,c,2
2168,Kepler-318,b,2
2169,Kepler-318,c,2
2170,Kepler-319,b,3
2171,Kepler-319,c,3
2172,Kepler-319,d,3
2173,Kepler-32,b,5
2174,Kepler-32,c,5
2175,Kepler-32,d,5
2176,Kepler-32,e,5
2177,Kepler-32,f,5
2178,Kepler-320,b,2
2179,Kepler-320,c,2
2180,Kepler-321,b,2
2181,Kepler-321,c,2
2182,Kepler-322,b,2
2183,Kepler-322,c,2
2184,Kepler-323,b,2
2185,Kepler-323,c,2
2186,Kepler-324,b,2
2187,Kepler-324,c,2
2188,Kepler-325,b,3
2189,Kepler-325,c,3
2190,Kepler-325,d,3
2191,Kepler-326,b,3
2192,Kepler-326,c,3
2193,Kepler-326,d,3
2194,Kepler-327,b,3
2195,Kepler-327,c,3
2196,Kepler-327,d,3
2197,Kepler-328,b,2
2198,Kepler-328,c,2
2199,Kepler-329,b,2
2200,Kepler-329,c,2
2201,Kepler-33,b,5
2202,Kepler-33,c,5
2203,Kepler-33,d,5
2204,Kepler-33,e,5
2205,Kepler-33,f,5
2206,Kepler-330,b,2
2207,Kepler-330,c,2
2208,Kepler-331,b,3
2209,Kepler-331,c,3
2210,Kepler-331,d,3
2211,Kepler-332,b,3
2212,Kepler-332,c,3
2213,Kepler-332,d,3
2214,Kepler-333,b,2
2215,Kepler-333,c,2
2216,Kepler-334,b,3
2217,Kepler-334,c,3
2218,Kepler-334,d,3
2219,Kepler-335,b,2
2220,Kepler-335,c,2
2221,Kepler-336,b,3
2222,Kepler-336,c,3
2223,Kepler-336,d,3
2224,Kepler-337,b,2
2225,Kepler-337,c,2
2226,Kepler-338,b,4
2227,Kepler-338,c,4
2228,Kepler-338,d,4
2229,Kepler-338,e,4
2230,Kepler-339,b,3
2231,Kepler-339,c,3
2232,Kepler-339,d,3
2233,Kepler-34,b,1
2234,Kepler-340,b,2
2235,Kepler-340,c,2
2236,Kepler-341,b,4
2237,Kepler-341,c,4
2238,Kepler-341,d,4
2239,Kepler-341,e,4
2240,Kepler-342,b,4
2241,Kepler-342,c,4
2242,Kepler-342,d,4
2243,Kepler-342,e,4
2244,Kepler-343,b,2
2245,Kepler-343,c,2
2246,Kepler-344,b,2
2247,Kepler-344,c,2
2248,Kepler-345,b,2
2249,Kepler-345,c,2
2250,Kepler-346,b,2
2251,Kepler-346,c,2
2252,Kepler-347,b,2
2253,Kepler-347,c,2
2254,Kepler-348,b,2
2255,Kepler-348,c,2
2256,Kepler-349,b,2
2257,Kepler-349,c,2
2258,Kepler-35,b,1
2259,Kepler-350,b,3
2260,Kepler-350,c,3
2261,Kepler-350,d,3
2262,Kepler-351,b,3
2263,Kepler-351,c,3
2264,Kepler-351,d,3
2265,Kepler-352,b,2
2266,Kepler-352,c,2
2267,Kepler-353,b,2
2268,Kepler-353,c,2
2269,Kepler-354,b,3
2270,Kepler-354,c,3
2271,Kepler-354,d,3
2272,Kepler-355,b,2
2273,Kepler-355,c,2
2274,Kepler-356,b,2
2275,Kepler-356,c,2
2276,Kepler-357,b,3
2277,Kepler-357,c,3
2278,Kepler-357,d,3
2279,Kepler-358,b,2
2280,Kepler-358,c,2
2281,Kepler-359,b,3
2282,Kepler-359,c,3
2283,Kepler-359,d,3
2284,Kepler-36,b,2
2285,Kepler-36,c,2
2286,Kepler-360,b,2
2287,Kepler-360,c,2
2288,Kepler-361,b,2
2289,Kepler-361,c,2
2290,Kepler-362,b,2
2291,Kepler-362,c,2
2292,Kepler-363,b,3
2293,Kepler-363,c,3
2294,Kepler-363,d,3
2295,Kepler-364,b,2
2296,Kepler-364,c,2
2297,Kepler-365,b,2
2298,Kepler-365,c,2
2299,Kepler-366,b,2
2300,Kepler-366,c,2
2301,Kepler-367,b,2
2302,Kepler-367,c,2
2303,Kepler-368,b,2
2304,Kepler-368,c,2
2305,Kepler-369,b,2
2306,Kepler-369,c,2
2307,Kepler-37,b,4
2308,Kepler-37,c,4
2309,Kepler-37,d,4
2310,Kepler-37,e,4
2311,Kepler-370,b,2
2312,Kepler-370,c,2
2313,Kepler-371,b,2
2314,Kepler-371,c,2
2315,Kepler-372,b,3
2316,Kepler-372,c,3
2317,Kepler-372,d,3
2318,Kepler-373,b,2
2319,Kepler-373,c,2
2320,Kepler-374,b,3
2321,Kepler-374,c,3
2322,Kepler-374,d,3
2323,Kepler-375,b,2
2324,Kepler-375,c,2
2325,Kepler-376,b,2
2326,Kepler-376,c,2
2327,Kepler-377,b,2
2328,Kepler-377,c,2
2329,Kepler-378,b,2
2330,Kepler-378,c,2
2331,Kepler-379,b,2
2332,Kepler-379,c,2
2333,Kepler-38,b,1
2334,Kepler-380,b,2
2335,Kepler-380,c,2
2336,Kepler-381,b,2
2337,Kepler-381,c,2
2338,Kepler-382,b,2
2339,Kepler-382,c,2
2340,Kepler-383,b,2
2341,Kepler-383,c,2
2342,Kepler-384,b,2
2343,Kepler-384,c,2
2344,Kepler-385,b,2
2345,Kepler-385,c,2
2346,Kepler-386,b,2
2347,Kepler-386,c,2
2348,Kepler-387,b,2
2349,Kepler-387,c,2
2350,Kepler-388,b,2
2351,Kepler-388,c,2
2352,Kepler-389,b,2
2353,Kepler-389,c,2
2354,Kepler-39,b,1
2355,Kepler-390,b,2
2356,Kepler-390,c,2
2357,Kepler-391,b,2
2358,Kepler-391,c,2
2359,Kepler-392,b,2
2360,Kepler-392,c,2
2361,Kepler-393,b,2
2362,Kepler-393,c,2
2363,Kepler-394,b,2
2364,Kepler-394,c,2
2365,Kepler-395,b,2
2366,Kepler-395,c,2
2367,Kepler-396,b,2
2368,Kepler-396,c,2
2369,Kepler-397,b,2
2370,Kepler-397,c,2
2371,Kepler-398,b,3
2372,Kepler-398,c,3
2373,Kepler-398,d,3
2374,Kepler-399,b,3
2375,Kepler-399,c,3
2376,Kepler-399,d,3
2377,Kepler-4,b,1
2378,Kepler-40,b,1
2379,Kepler-400,b,2
2380,Kepler-400,c,2
2381,Kepler-401,b,3
2382,Kepler-401,c,3
2383,Kepler-401,d,3
2384,Kepler-402,b,4
2385,Kepler-402,c,4
2386,Kepler-402,d,4
2387,Kepler-402,e,4
2388,Kepler-403,b,3
2389,Kepler-403,c,3
2390,Kepler-403,d,3
2391,Kepler-404,b,2
2392,Kepler-404,c,2
2393,Kepler-405,b,2
2394,Kepler-405,c,2
2395,Kepler-406,b,2
2396,Kepler-406,c,2
2397,Kepler-407,b,2
2398,Kepler-407,c,2
2399,Kepler-408,b,1
2400,Kepler-409,b,1
2401,Kepler-41,b,1
2402,Kepler-410 A,b,1
2403,Kepler-411,b,2
2404,Kepler-411,c,2
2405,Kepler-412,b,1
2406,Kepler-413,b,1
2407,Kepler-414,b,2
2408,Kepler-414,c,2
2409,Kepler-415,b,2
2410,Kepler-415,c,2
2411,Kepler-416,b,2
2412,Kepler-416,c,2
2413,Kepler-417,b,2
2414,Kepler-417,c,2
2415,Kepler-418,b,1
2416,Kepler-419,b,2
2417,Kepler-419,c,2
2418,Kepler-42,b,3
2419,Kepler-42,c,3
2420,Kepler-42,d,3
2421,Kepler-420,b,1
2422,Kepler-421,b,1
2423,Kepler-422,b,1
2424,Kepler-423,b,1
2425,Kepler-424,b,2
2426,Kepler-424,c,2
2427,Kepler-425,b,1
2428,Kepler-426,b,1
2429,Kepler-427,b,1
2430,Kepler-428,b,1
2431,Kepler-43,b,1
2432,Kepler-430,b,2
2433,Kepler-430,c,2
2434,Kepler-431,b,3
2435,Kepler-431,c,3
2436,Kepler-431,d,3
2437,Kepler-432,b,2
2438,Kepler-432,c,2
2439,Kepler-433,b,1
2440,Kepler-434,b,1
2441,Kepler-435,b,1
2442,Kepler-436,b,2
2443,Kepler-436,c,2
2444,Kepler-437,b,1
2445,Kepler-438,b,1
2446,Kepler-439,b,1
2447,Kepler-44,b,1
2448,Kepler-440,b,1
2449,Kepler-441,b,1
2450,Kepler-442,b,1
2451,Kepler-443,b,1
2452,Kepler-444,b,5
2453,Kepler-444,c,5
2454,Kepler-444,d,5
2455,Kepler-444,e,5
2456,Kepler-444,f,5
2457,Kepler-445,b,3
2458,Kepler-445,c,3
2459,Kepler-445,d,3
2460,Kepler-446,b,3
2461,Kepler-446,c,3
2462,Kepler-446,d,3
2463,Kepler-447,b,1
2464,Kepler-449,b,2
2465,Kepler-449,c,2
2466,Kepler-45,b,1
2467,Kepler-450,b,3
2468,Kepler-450,c,3
2469,Kepler-450,d,3
2470,Kepler-452,b,1
2471,Kepler-453,b,1
2472,Kepler-454,b,2
2473,Kepler-454,c,2
2474,KIC 9663113,c,2
2475,Kepler-46,b,3
2476,Kepler-46,c,3
2477,Kepler-46,d,3
2478,KIC 5437945,c,2
2479,Kepler-461,b,1
2480,Kepler-462,b,1
2481,Kepler-463,b,1
2482,Kepler-464,b,1
2483,Kepler-465,b,1
2484,Kepler-466,b,2
2485,Kepler-466,c,2
2486,Kepler-467,b,1
2487,Kepler-468,b,1
2488,Kepler-47,b,2
2489,Kepler-47,c,2
2490,Kepler-470,b,1
2491,Kepler-471,b,1
2492,Kepler-472,b,1
2493,Kepler-473,b,1
2494,Kepler-474,b,1
2495,Kepler-475,b,1
2496,Kepler-476,b,1
2497,Kepler-477,b,1
2498,Kepler-478,b,1
2499,Kepler-479,b,1
2500,Kepler-48,b,4
2501,Kepler-48,c,4
2502,Kepler-48,d,4
2503,Kepler-48,e,4
2504,Kepler-480,b,1
2505,Kepler-481,b,1
2506,Kepler-482,b,1
2507,Kepler-483,b,1
2508,Kepler-484,b,1
2509,Kepler-485,b,1
2510,Kepler-486,b,1
2511,Kepler-487,b,2
2512,Kepler-487,c,2
2513,Kepler-488,b,1
2514,Kepler-489,b,1
2515,Kepler-49,b,4
2516,Kepler-49,c,4
2517,Kepler-49,d,4
2518,Kepler-49,e,4
2519,Kepler-490,b,1
2520,Kepler-491,b,1
2521,Kepler-492,b,1
2522,Kepler-493,b,1
2523,Kepler-494,b,1
2524,Kepler-495,b,1
2525,Kepler-496,b,1
2526,Kepler-497,b,1
2527,Kepler-498,b,1
2528,Kepler-499,b,1
2529,Kepler-5,b,1
2530,Kepler-50,b,2
2531,Kepler-50,c,2
2532,Kepler-500,b,1
2533,Kepler-501,b,1
2534,Kepler-502,b,1
2535,Kepler-503,b,1
2536,Kepler-504,b,1
2537,Kepler-505,b,1
2538,Kepler-506,b,1
2539,Kepler-507,b,1
2540,Kepler-508,b,1
2541,Kepler-509,b,1
2542,Kepler-51,b,3
2543,Kepler-51,c,3
2544,Kepler-51,d,3
2545,Kepler-510,b,1
2546,Kepler-511,b,1
2547,Kepler-512,b,1
2548,Kepler-513,b,1
2549,Kepler-514,b,1
2550,Kepler-515,b,1
2551,Kepler-516,b,1
2552,Kepler-517,b,1
2553,Kepler-518,b,1
2554,Kepler-519,b,1
2555,Kepler-52,b,3
2556,Kepler-52,c,3
2557,Kepler-52,d,3
2558,Kepler-520,b,2
2559,Kepler-520,c,2
2560,Kepler-521,b,1
2561,Kepler-522,b,1
2562,Kepler-523,b,1
2563,Kepler-524,b,2
2564,Kepler-524,c,2
2565,Kepler-525,b,1
2566,Kepler-526,b,1
2567,Kepler-527,b,1
2568,Kepler-528,b,1
2569,Kepler-529,b,2
2570,Kepler-529,c,2
2571,Kepler-53,b,3
2572,Kepler-53,c,3
2573,Kepler-53,d,3
2574,Kepler-530,b,1
2575,Kepler-531,b,1
2576,Kepler-532,b,1
2577,Kepler-533,b,1
2578,Kepler-534,b,1
2579,Kepler-535,b,1
2580,Kepler-536,b,1
2581,Kepler-537,b,1
2582,Kepler-538,b,1
2583,Kepler-539,b,2
2584,Kepler-539,c,2
2585,Kepler-54,b,3
2586,Kepler-54,c,3
2587,Kepler-54,d,3
2588,Kepler-540,b,1
2589,Kepler-541,b,1
2590,Kepler-542,b,1
2591,Kepler-543,b,1
2592,Kepler-544,b,1
2593,Kepler-545,b,1
2594,Kepler-546,b,1
2595,Kepler-547,b,1
2596,Kepler-548,b,1
2597,Kepler-549,b,2
2598,Kepler-549,c,2
2599,Kepler-55,b,5
2600,Kepler-55,c,5
2601,Kepler-55,d,5
2602,Kepler-55,e,5
2603,Kepler-55,f,5
2604,Kepler-550,b,1
2605,Kepler-551,b,1
2606,Kepler-552,b,1
2607,Kepler-553,b,2
2608,Kepler-553,c,2
2609,Kepler-554,b,1
2610,Kepler-555,b,1
2611,Kepler-556,b,1
2612,Kepler-557,b,1
2613,Kepler-558,b,1
2614,Kepler-559,b,1
2615,Kepler-56,b,3
2616,Kepler-56,c,3
2617,Kepler-56,d,3
2618,Kepler-560,b,1
2619,Kepler-561,b,2
2620,Kepler-561,c,2
2621,Kepler-562,b,1
2622,Kepler-563,b,1
2623,Kepler-564,b,1
2624,Kepler-565,b,1
2625,Kepler-566,b,1
2626,Kepler-567,b,1
2627,Kepler-568,b,1
2628,Kepler-569,b,1
2629,Kepler-57,b,2
2630,Kepler-57,c,2
2631,Kepler-570,b,1
2632,Kepler-571,b,1
2633,Kepler-572,b,1
2634,Kepler-573,b,1
2635,Kepler-574,b,1
2636,Kepler-575,b,1
2637,Kepler-576,b,1
2638,Kepler-577,b,1
2639,Kepler-578,b,1
2640,Kepler-579,b,1
2641,Kepler-58,b,3
2642,Kepler-58,c,3
2643,Kepler-58,d,3
2644,Kepler-580,b,1
2645,Kepler-581,b,1
2646,Kepler-582,b,1
2647,Kepler-583,b,1
2648,Kepler-584,b,1
2649,Kepler-585,b,1
2650,Kepler-586,b,1
2651,Kepler-587,b,1
2652,Kepler-588,b,1
2653,Kepler-589,b,1
2654,Kepler-59,b,2
2655,Kepler-59,c,2
2656,Kepler-590,b,1
2657,Kepler-591,b,1
2658,Kepler-592,b,1
2659,Kepler-593,b,1
2660,Kepler-594,b,1
2661,Kepler-595,b,1
2662,Kepler-596,b,1
2663,Kepler-597,b,1
2664,Kepler-598,b,1
2665,Kepler-599,b,1
2666,Kepler-6,b,1
2667,Kepler-60,b,3
2668,Kepler-60,c,3
2669,Kepler-60,d,3
2670,Kepler-600,b,1
2671,Kepler-601,b,1
2672,Kepler-602,b,1
2673,Kepler-603,b,3
2674,Kepler-603,c,3
2675,Kepler-603,d,3
2676,Kepler-604,b,1
2677,Kepler-605,b,2
2678,Kepler-605,c,2
2679,Kepler-606,b,1
2680,Kepler-607,b,1
2681,Kepler-608,b,1
2682,Kepler-609,b,1
2683,Kepler-61,b,1
2684,Kepler-610,b,2
2685,Kepler-610,c,2
2686,Kepler-611,b,1
2687,Kepler-612,b,1
2688,Kepler-613,b,1
2689,Kepler-614,b,1
2690,Kepler-615,b,1
2691,Kepler-616,b,2
2692,Kepler-616,c,2
2693,Kepler-617,b,1
2694,Kepler-618,b,1
2695,Kepler-619,b,2
2696,Kepler-619,c,2
2697,Kepler-62,b,5
2698,Kepler-62,c,5
2699,Kepler-62,d,5
2700,Kepler-62,e,5
2701,Kepler-62,f,5
2702,Kepler-620,b,1
2703,Kepler-621,b,1
2704,Kepler-622,b,1
2705,Kepler-623,b,1
2706,Kepler-624,b,1
2707,Kepler-625,b,2
2708,Kepler-625,c,2
2709,Kepler-626,b,1
2710,Kepler-627,b,1
2711,Kepler-628,b,1
2712,Kepler-629,b,1
2713,Kepler-63,b,1
2714,Kepler-630,b,1
2715,Kepler-631,b,1
2716,Kepler-632,b,1
2717,Kepler-633,b,1
2718,Kepler-634,b,1
2719,Kepler-635,b,1
2720,Kepler-636,b,1
2721,Kepler-637,b,1
2722,Kepler-638,b,1
2723,Kepler-639,b,1
2724,Kepler-640,b,1
2725,Kepler-641,b,1
2726,Kepler-642,b,1
2727,Kepler-643,b,1
2728,Kepler-644,b,1
2729,Kepler-645,b,1
2730,Kepler-646,b,1
2731,Kepler-647,b,1
2732,Kepler-648,b,1
2733,Kepler-649,b,1
2734,Kepler-65,b,3
2735,Kepler-65,c,3
2736,Kepler-65,d,3
2737,Kepler-650,b,1
2738,Kepler-651,b,1
2739,Kepler-652,b,1
2740,Kepler-653,b,2
2741,Kepler-653,c,2
2742,Kepler-654,b,1
2743,Kepler-655,b,1
2744,Kepler-656,b,1
2745,Kepler-657,b,1
2746,Kepler-658,b,1
2747,Kepler-659,b,1
2748,Kepler-66,b,1
2749,Kepler-660,b,1
2750,Kepler-661,b,1
2751,Kepler-662,b,1
2752,Kepler-663,b,1
2753,Kepler-664,b,1
2754,Kepler-665,b,1
2755,Kepler-666,b,1
2756,Kepler-667,b,1
2757,Kepler-668,b,1
2758,Kepler-669,b,1
2759,Kepler-67,b,1
2760,Kepler-670,b,1
2761,Kepler-671,b,1
2762,Kepler-672,b,1
2763,Kepler-673,b,1
2764,Kepler-674,b,1
2765,Kepler-675,b,1
2766,Kepler-676,b,1
2767,Kepler-677,b,1
2768,Kepler-678,b,1
2769,Kepler-679,b,1
2770,Kepler-68,b,3
2771,Kepler-68,c,3
2772,Kepler-68,d,3
2773,Kepler-680,b,1
2774,Kepler-681,b,1
2775,Kepler-682,b,1
2776,Kepler-683,b,1
2777,Kepler-684,b,1
2778,Kepler-685,b,1
2779,Kepler-686,b,1
2780,Kepler-687,b,1
2781,Kepler-688,b,1
2782,Kepler-689,b,1
2783,Kepler-69,b,2
2784,Kepler-69,c,2
2785,Kepler-690,b,1
2786,Kepler-691,b,1
2787,Kepler-692,b,1
2788,Kepler-693,b,1
2789,Kepler-694,b,1
2790,Kepler-695,b,1
2791,Kepler-696,b,1
2792,Kepler-697,b,1
2793,Kepler-698,b,1
2794,Kepler-699,b,1
2795,Kepler-7,b,1
2796,Kepler-700,b,1
2797,Kepler-701,b,1
2798,Kepler-702,b,1
2799,Kepler-703,b,1
2800,Kepler-704,b,1
2801,Kepler-705,b,1
2802,Kepler-706,b,1
2803,Kepler-707,b,1
2804,Kepler-708,b,1
2805,Kepler-709,b,1
2806,Kepler-710,b,1
2807,Kepler-711,b,1
2808,Kepler-712,b,2
2809,Kepler-712,c,2
2810,Kepler-713,b,1
2811,Kepler-714,b,1
2812,Kepler-715,b,1
2813,Kepler-716,b,1
2814,Kepler-717,b,1
2815,Kepler-718,b,1
2816,Kepler-719,b,1
2817,Kepler-720,b,1
2818,Kepler-721,b,1
2819,Kepler-722,b,2
2820,Kepler-722,c,2
2821,Kepler-723,b,1
2822,Kepler-724,b,1
2823,Kepler-725,b,1
2824,Kepler-726,b,1
2825,Kepler-727,b,1
2826,Kepler-728,b,1
2827,Kepler-729,b,1
2828,Kepler-730,b,1
2829,Kepler-731,b,1
2830,Kepler-732,b,2
2831,Kepler-732,c,2
2832,Kepler-733,b,1
2833,Kepler-734,b,1
2834,Kepler-735,b,1
2835,Kepler-736,b,1
2836,Kepler-737,b,1
2837,Kepler-738,b,1
2838,Kepler-739,b,1
2839,Kepler-74,b,1
2840,Kepler-740,b,1
2841,Kepler-741,b,1
2842,Kepler-742,b,1
2843,Kepler-743,b,1
2844,Kepler-744,b,1
2845,Kepler-745,b,1
2846,Kepler-746,b,1
2847,Kepler-747,b,1
2848,Kepler-748,b,1
2849,Kepler-749,b,1
2850,Kepler-75,b,1
2851,Kepler-750,b,2
2852,Kepler-750,c,2
2853,Kepler-751,b,1
2854,Kepler-752,b,1
2855,Kepler-753,b,1
2856,Kepler-754,b,1
2857,Kepler-755,b,2
2858,Kepler-755,c,2
2859,Kepler-756,b,1
2860,Kepler-757,b,1
2861,Kepler-758,b,4
2862,Kepler-758,c,4
2863,Kepler-758,d,4
2864,Kepler-758,e,4
2865,Kepler-759,b,1
2866,Kepler-76,b,1
2867,Kepler-760,b,2
2868,Kepler-760,c,2
2869,Kepler-761,b,1
2870,Kepler-762,b,1
2871,Kepler-763,b,1
2872,Kepler-764,b,1
2873,Kepler-765,b,1
2874,Kepler-766,b,1
2875,Kepler-767,b,1
2876,Kepler-768,b,1
2877,Kepler-769,b,2
2878,Kepler-769,c,2
2879,Kepler-77,b,1
2880,Kepler-770,b,3
2881,Kepler-770,c,3
2882,Kepler-770,d,3
2883,Kepler-771,b,1
2884,Kepler-772,b,1
2885,Kepler-773,b,1
2886,Kepler-774,b,1
2887,Kepler-775,b,1
2888,Kepler-776,b,1
2889,Kepler-777,b,1
2890,Kepler-778,b,1
2891,Kepler-779,b,1
2892,Kepler-78,b,1
2893,Kepler-780,b,1
2894,Kepler-781,b,1
2895,Kepler-782,b,1
2896,Kepler-783,b,1
2897,Kepler-784,b,1
2898,Kepler-785,b,1
2899,Kepler-786,b,1
2900,Kepler-787,b,1
2901,Kepler-788,b,1
2902,Kepler-789,b,1
2903,Kepler-79,b,4
2904,Kepler-79,c,4
2905,Kepler-79,d,4
2906,Kepler-79,e,4
2907,Kepler-790,b,1
2908,Kepler-791,b,1
2909,Kepler-792,b,1
2910,Kepler-793,b,1
2911,Kepler-794,b,1
2912,Kepler-795,b,1
2913,Kepler-796,b,1
2914,Kepler-797,b,1
2915,Kepler-798,b,1
2916,Kepler-799,b,1
2917,Kepler-8,b,1
2918,Kepler-80,b,5
2919,Kepler-80,c,5
2920,Kepler-80,d,5
2921,Kepler-80,e,5
2922,Kepler-80,f,5
2923,Kepler-800,b,1
2924,Kepler-801,b,1
2925,Kepler-802,b,1
2926,Kepler-803,b,1
2927,Kepler-804,b,2
2928,Kepler-804,c,2
2929,Kepler-805,b,1
2930,Kepler-806,b,1
2931,Kepler-807,b,1
2932,Kepler-808,b,1
2933,Kepler-809,b,1
2934,Kepler-81,b,3
2935,Kepler-81,c,3
2936,Kepler-81,d,3
2937,Kepler-810,b,1
2938,Kepler-811,b,1
2939,Kepler-812,b,1
2940,Kepler-813,b,1
2941,Kepler-814,b,1
2942,Kepler-815,b,1
2943,Kepler-816,b,1
2944,Kepler-817,b,1
2945,Kepler-818,b,1
2946,Kepler-819,b,1
2947,Kepler-82,b,4
2948,Kepler-82,c,4
2949,Kepler-82,d,4
2950,Kepler-82,e,4
2951,Kepler-820,b,1
2952,Kepler-821,b,1
2953,Kepler-822,b,1
2954,Kepler-823,b,1
2955,Kepler-824,b,1
2956,Kepler-825,b,2
2957,Kepler-825,c,2
2958,Kepler-826,b,1
2959,Kepler-827,b,1
2960,Kepler-828,b,1
2961,Kepler-829,b,1
2962,Kepler-83,b,3
2963,Kepler-83,c,3
2964,Kepler-83,d,3
2965,Kepler-830,b,1
2966,Kepler-831,b,1
2967,Kepler-832,b,1
2968,Kepler-833,b,1
2969,Kepler-834,b,1
2970,Kepler-835,b,1
2971,Kepler-836,b,1
2972,Kepler-837,b,1
2973,Kepler-838,b,1
2974,Kepler-839,b,1
2975,Kepler-84,b,5
2976,Kepler-84,c,5
2977,Kepler-84,d,5
2978,Kepler-84,e,5
2979,Kepler-84,f,5
2980,Kepler-840,b,1
2981,Kepler-841,b,1
2982,Kepler-842,b,1
2983,Kepler-843,b,1
2984,Kepler-844,b,1
2985,Kepler-845,b,1
2986,Kepler-846,b,1
2987,Kepler-847,b,1
2988,Kepler-848,b,1
2989,Kepler-849,b,1
2990,Kepler-85,b,4
2991,Kepler-85,c,4
2992,Kepler-85,d,4
2993,Kepler-85,e,4
2994,Kepler-850,b,1
2995,Kepler-851,b,1
2996,Kepler-852,b,1
2997,Kepler-853,b,1
2998,Kepler-854,b,1
2999,Kepler-855,b,1
3000,Kepler-856,b,1
3001,Kepler-857,b,1
3002,Kepler-858,b,1
3003,Kepler-859,b,1
3004,Kepler-860,b,1
3005,Kepler-861,b,1
3006,Kepler-862,b,1
3007,Kepler-863,b,1
3008,Kepler-864,b,1
3009,Kepler-865,b,1
3010,Kepler-866,b,1
3011,Kepler-867,b,1
3012,Kepler-868,b,1
3013,Kepler-869,b,1
3014,Kepler-87,b,2
3015,Kepler-87,c,2
3016,Kepler-870,b,1
3017,Kepler-871,b,1
3018,Kepler-872,b,1
3019,Kepler-873,b,1
3020,Kepler-874,b,1
3021,Kepler-875,b,1
3022,Kepler-876,b,1
3023,Kepler-877,b,1
3024,Kepler-878,b,1
3025,Kepler-879,b,1
3026,Kepler-880,b,1
3027,Kepler-881,b,1
3028,Kepler-882,b,1
3029,Kepler-883,b,1
3030,Kepler-884,b,1
3031,Kepler-885,b,1
3032,Kepler-886,b,1
3033,Kepler-887,b,2
3034,Kepler-887,c,2
3035,Kepler-888,b,1
3036,Kepler-889,b,1
3037,Kepler-890,b,1
3038,Kepler-891,b,1
3039,Kepler-892,b,1
3040,Kepler-893,b,1
3041,Kepler-894,b,1
3042,Kepler-895,b,1
3043,Kepler-896,b,1
3044,Kepler-897,b,1
3045,Kepler-898,b,1
3046,Kepler-899,b,1
3047,Kepler-9,b,3
3048,Kepler-9,c,3
3049,Kepler-9,d,3
3050,Kepler-900,b,1
3051,Kepler-901,b,1
3052,Kepler-902,b,1
3053,Kepler-903,b,2
3054,Kepler-903,c,2
3055,Kepler-904,b,1
3056,Kepler-905,b,1
3057,Kepler-906,b,1
3058,Kepler-907,b,1
3059,Kepler-908,b,1
3060,Kepler-909,b,1
3061,Kepler-91,b,1
3062,Kepler-910,b,1
3063,Kepler-911,b,1
3064,Kepler-912,b,1
3065,Kepler-913,b,1
3066,Kepler-914,b,1
3067,Kepler-915,b,1
3068,Kepler-916,b,1
3069,Kepler-917,b,1
3070,Kepler-918,b,1
3071,Kepler-919,b,1
3072,Kepler-92,b,3
3073,Kepler-92,c,3
3074,Kepler-92,d,3
3075,Kepler-920,b,2
3076,Kepler-920,c,2
3077,Kepler-921,b,1
3078,Kepler-922,b,1
3079,Kepler-923,b,1
3080,Kepler-924,b,1
3081,Kepler-925,b,1
3082,Kepler-926,b,1
3083,Kepler-927,b,1
3084,Kepler-928,b,1
3085,Kepler-929,b,1
3086,Kepler-93,b,2
3087,Kepler-93,c,2
3088,Kepler-930,b,1
3089,Kepler-931,b,1
3090,Kepler-932,b,1
3091,Kepler-933,b,1
3092,Kepler-934,b,1
3093,Kepler-935,b,1
3094,Kepler-936,b,1
3095,Kepler-937,b,2
3096,Kepler-937,c,2
3097,Kepler-938,b,1
3098,Kepler-939,b,1
3099,Kepler-94,b,2
3100,Kepler-94,c,2
3101,Kepler-940,b,1
3102,Kepler-941,b,1
3103,Kepler-942,b,1
3104,Kepler-943,b,1
3105,Kepler-944,b,1
3106,Kepler-945,b,1
3107,Kepler-946,b,1
3108,Kepler-947,b,1
3109,Kepler-948,b,1
3110,Kepler-949,b,1
3111,Kepler-95,b,1
3112,Kepler-950,b,1
3113,Kepler-951,b,1
3114,Kepler-952,b,1
3115,Kepler-953,b,2
3116,Kepler-953,c,2
3117,Kepler-954,b,1
3118,Kepler-955,b,1
3119,Kepler-956,b,1
3120,Kepler-957,b,1
3121,Kepler-958,b,1
3122,Kepler-959,b,1
3123,Kepler-96,b,1
3124,Kepler-960,b,1
3125,Kepler-961,b,1
3126,Kepler-962,b,1
3127,Kepler-963,b,1
3128,Kepler-964,b,1
3129,Kepler-965,b,1
3130,Kepler-966,b,1
3131,Kepler-967,b,2
3132,Kepler-967,c,2
3133,Kepler-968,b,2
3134,Kepler-968,c,2
3135,Kepler-969,b,2
3136,Kepler-969,c,2
3137,Kepler-97,b,2
3138,Kepler-97,c,2
3139,Kepler-970,b,1
3140,Kepler-971,b,1
3141,Kepler-972,b,1
3142,Kepler-973,b,1
3143,Kepler-974,b,1
3144,Kepler-975,b,1
3145,Kepler-976,b,1
3146,Kepler-977,b,1
3147,Kepler-978,b,1
3148,Kepler-979,b,1
3149,Kepler-98,b,1
3150,Kepler-980,b,1
3151,Kepler-981,b,1
3152,Kepler-982,b,1
3153,Kepler-983,b,1
3154,Kepler-984,b,1
3155,Kepler-985,b,1
3156,Kepler-986,b,1
3157,Kepler-987,b,1
3158,Kepler-988,b,1
3159,Kepler-989,b,1
3160,Kepler-99,b,1
3161,Kepler-990,b,2
3162,Kepler-990,c,2
3163,Kepler-991,b,1
3164,Kepler-992,b,1
3165,Kepler-993,b,1
3166,Kepler-994,b,1
3167,Kepler-995,b,1
3168,Kepler-996,b,1
3169,Kepler-997,b,1
3170,Kepler-998,b,1
3171,Kepler-999,b,1
3172,LkCa 15,b,2
3173,LkCa 15,c,2
3174,Lupus-TR-3,b,1
3175,MOA 2007-BLG-192L,b,1
3176,MOA 2007-BLG-400L,b,1
3177,MOA 2008-BLG-310L,b,1
3178,MOA 2008-BLG-379L,b,1
3179,MOA 2009-BLG-266L,b,1
3180,MOA 2009-BLG-319L,b,1
3181,MOA 2009-BLG-387L,b,1
3182,MOA 2010-BLG-073L,b,1
3183,MOA 2010-BLG-328L,b,1
3184,MOA 2010-BLG-353L,b,1
3185,MOA 2010-BLG-477L,b,1
3186,MOA 2011-BLG-028L,b,1
3187,MOA 2011-BLG-262L,b,1
3188,MOA 2011-BLG-293L,b,1
3189,MOA 2011-BLG-322L,b,1
3190,MOA 2013-BLG-605L,b,1
3191,MOA-bin-1L,b,1
3192,NGC 2682 Sand 364,b,1
3193,NGC 2682 YBP 1194,b,1
3194,NGC 2682 YBP 1514,b,1
3195,NGC 2682 YBP 401,b,1
3196,NGC 4349 127,b,1
3197,NN Ser,c,2
3198,NN Ser,d,2
3199,NY Vir,b,1
3200,OGLE 2003-BLG-235L,b,1
3201,OGLE 2005-BLG-169L,b,1
3202,OGLE 2005-BLG-390L,b,1
3203,OGLE 2005-BLG-71L,b,1
3204,OGLE 2006-BLG-109L,b,2
3205,OGLE 2006-BLG-109L,c,2
3206,OGLE 2007-BLG-349L A,c,1
3207,OGLE 2007-BLG-368L,b,1
3208,OGLE 2008-BLG-355L,b,1
3209,OGLE 2008-BLG-92L,b,1
3210,OGLE 2011-BLG-251L,b,1
3211,OGLE 2011-BLG-265L,b,1
3212,OGLE 2012-BLG-0563L,b,1
3213,OGLE 2012-BLG-0724L,b,1
3214,OGLE 2012-BLG-26L,b,2
3215,OGLE 2012-BLG-26L,c,2
3216,OGLE 2012-BLG-358L,b,1
3217,OGLE 2012-BLG-406L,b,1
3218,OGLE 2013-BLG-102L,b,1
3219,OGLE 2013-BLG-341L B,b,1
3220,OGLE 2014-BLG-0676L,b,1
3221,OGLE 2014-BLG-124L,b,1
3222,OGLE 2015-BLG-0051L,b,1
3223,OGLE 2015-BLG-0954L,b,1
3224,OGLE 2015-BLG-0966L,b,1
3225,OGLE-2012-BLG-0950L,b,1
3226,OGLE-2014-BLG-1760,b,1
3227,OGLE-TR-056,b,1
3228,OGLE-TR-10,b,1
3229,OGLE-TR-111,b,1
3230,OGLE-TR-113,b,1
3231,OGLE-TR-132,b,1
3232,OGLE-TR-182,b,1
3233,OGLE-TR-211,b,1
3234,OGLE2-TR-L9,b,1
3235,Oph 11,b,1
3236,PH1,b,1
3237,PH2,b,1
3238,POTS-1,b,1
3239,PSR B1257+12,b,3
3240,PSR B1257+12,c,3
3241,PSR B1257+12,d,3
3242,PSR B1620-26,b,1
3243,PSR J1719-1438,b,1
3244,Pr0201,b,1
3245,Pr0211,b,2
3246,Pr0211,c,2
3247,Proxima Cen,b,1
3248,Qatar-1,b,1
3249,Qatar-2,b,1
3250,ROXs 12,b,1
3251,ROXs 42 B,b,1
3252,RR Cae,b,1
3253,Ross 458,c,1
3254,SR 12 AB,c,1
3255,SWEEPS-11,b,1
3256,SWEEPS-4,b,1
3257,TRAPPIST-1,b,3
3258,TRAPPIST-1,c,3
3259,TRAPPIST-1,d,3
3260,TYC 1422-614-1,b,2
3261,TYC 1422-614-1,c,2
3262,TYC 3667-1280-1,b,1
3263,TrES-1,b,1
3264,TrES-2,b,1
3265,TrES-3,b,1
3266,TrES-4,b,1
3267,TrES-5,b,1
3268,USco CTIO 108,b,1
3269,UZ For,b,2
3270,UZ For,c,2
3271,V0391 Peg,b,1
3272,V830 Tau,b,1
3273,VHS J125601.92-125723.9,b,1
3274,WASP-1,b,1
3275,WASP-10,b,1
3276,WASP-100,b,1
3277,WASP-101,b,1
3278,WASP-103,b,1
3279,WASP-104,b,1
3280,WASP-106,b,1
3281,WASP-11,b,1
3282,WASP-113,b,1
3283,WASP-114,b,1
3284,WASP-117,b,1
3285,WASP-118,b,1
3286,WASP-119,b,1
3287,WASP-12,b,1
3288,WASP-120,b,1
3289,WASP-121,b,1
3290,WASP-123,b,1
3291,WASP-124,b,1
3292,WASP-126,b,1
3293,WASP-127,b,1
3294,WASP-129,b,1
3295,WASP-13,b,1
3296,WASP-130,b,1
3297,WASP-131,b,1
3298,WASP-132,b,1
3299,WASP-133,b,1
3300,WASP-135,b,1
3301,WASP-136,b,1
3302,WASP-138,b,1
3303,WASP-139,b,1
3304,WASP-14,b,1
3305,WASP-140,b,1
3306,WASP-141,b,1
3307,WASP-142,b,1
3308,WASP-15,b,1
3309,WASP-157,b,1
3310,WASP-16,b,1
3311,WASP-17,b,1
3312,WASP-18,b,1
3313,WASP-19,b,1
3314,WASP-2,b,1
3315,WASP-20,b,1
3316,WASP-21,b,1
3317,WASP-22,b,1
3318,WASP-23,b,1
3319,WASP-24,b,1
3320,WASP-25,b,1
3321,WASP-26,b,1
3322,WASP-28,b,1
3323,WASP-29,b,1
3324,WASP-3,b,1
3325,WASP-31,b,1
3326,WASP-32,b,1
3327,WASP-33,b,1
3328,WASP-34,b,1
3329,WASP-35,b,1
3330,WASP-36,b,1
3331,WASP-37,b,1
3332,WASP-38,b,1
3333,WASP-39,b,1
3334,WASP-4,b,1
3335,WASP-41,b,2
3336,WASP-41,c,2
3337,WASP-42,b,1
3338,WASP-43,b,1
3339,WASP-44,b,1
3340,WASP-45,b,1
3341,WASP-46,b,1
3342,WASP-47,b,4
3343,WASP-47,c,4
3344,WASP-47,d,4
3345,WASP-47,e,4
3346,WASP-48,b,1
3347,WASP-49,b,1
3348,WASP-5,b,1
3349,WASP-50,b,1
3350,WASP-52,b,1
3351,WASP-54,b,1
3352,WASP-55,b,1
3353,WASP-56,b,1
3354,WASP-57,b,1
3355,WASP-58,b,1
3356,WASP-59,b,1
3357,WASP-6,b,1
3358,WASP-60,b,1
3359,WASP-61,b,1
3360,WASP-62,b,1
3361,WASP-63,b,1
3362,WASP-64,b,1
3363,WASP-65,b,1
3364,WASP-66,b,1
3365,WASP-67,b,1
3366,WASP-68,b,1
3367,WASP-69,b,1
3368,WASP-7,b,1
3369,WASP-70 A,b,1
3370,WASP-71,b,1
3371,WASP-72,b,1
3372,WASP-73,b,1
3373,WASP-74,b,1
3374,WASP-75,b,1
3375,WASP-76,b,1
3376,WASP-77 A,b,1
3377,WASP-78,b,1
3378,WASP-79,b,1
3379,WASP-8,b,2
3380,WASP-8,c,2
3381,WASP-80,b,1
3382,WASP-82,b,1
3383,WASP-83,b,1
3384,WASP-84,b,1
3385,WASP-85 A,b,1
3386,WASP-88,b,1
3387,WASP-89,b,1
3388,WASP-90,b,1
3389,WASP-92,b,1
3390,WASP-93,b,1
3391,WASP-94 A,b,1
3392,WASP-94 B,b,1
3393,WASP-95,b,1
3394,WASP-96,b,1
3395,WASP-97,b,1
3396,WASP-98,b,1
3397,WASP-99,b,1
3398,WD 0806-661,b,1
3399,WISEP J121756.91+162640.2 A,b,1
3400,WTS-1,b,1
3401,WTS-2,b,1
3402,Wolf 1061,b,3
3403,Wolf 1061,c,3
3404,Wolf 1061,d,3
3405,XO-1,b,1
3406,XO-2 N,b,1
3407,XO-2 S,b,2
3408,XO-2 S,c,2
3409,XO-3,b,1
3410,XO-4,b,1
3411,XO-5,b,1
3412,XO-6,b,1
3413,alf Ari,b,1
3414,alf Tau,b,1
3415,bet Cnc,b,1
3416,bet Pic,b,1
3417,bet UMi,b,1
3418,eps CrB,b,1
3419,eps Eri,b,1
3420,eps Tau,b,1
3421,gam 1 Leo,b,1
3422,gam Cep,b,1
3423,kap And,b,1
3424,kap CrB,b,1
3425,mu Leo,b,1
3426,nu Oph,b,2
3427,nu Oph,c,2
3428,ome Ser,b,1
3429,omi CrB,b,1
3430,omi UMa,b,1
3431,psi Dra B,b,1
3432,rho CrB,b,2
3433,rho CrB,c,2
3434,tau Boo,b,1
3435,tau Gem,b,1
3436,ups And,b,3
3437,ups And,c,3
3438,ups And,d,3
3439,xi Aql,b,1
